$ lake build PhysicsSM.Draft.NullEdge.PluckerMassDynamics PhysicsSM.Draft.NullEdge.Pluecker3Plus1ComplexMass PhysicsSM.Draft.NullEdge.PlueckerMassOperator PhysicsSM.Draft.NullEdge.CarrierRigidity PhysicsSM.Draft.NullEdge.FourChannelRigidityCapstone PhysicsSM.Draft.NullEdge.FullBlochZeroClassification PhysicsSM.Draft.NullEdge.CommutatorWilsonStrictnessKill PhysicsSM.Draft.NullEdge.LaurentUnitResource PhysicsSM.Draft.NullEdge.LaurentFlowIndex PhysicsSM.Draft.NullEdge.LaurentFourierWalkBridge PhysicsSM.Draft.NullEdge.Goal3MarginalLine PhysicsSM.Draft.NullEdge.FiniteHomogeneousScaleNoGo PhysicsSM.Draft.NullEdge.PlueckerWindingDerived PhysicsSM.Draft.NullEdge.PlueckerPhaseObservable PhysicsSM.Draft.NullEdge.PlueckerPhaseDefectSpectrum PhysicsSM.Draft.NullEdge.PlueckerPairKickNonQuasiFree PhysicsSM.Draft.NullEdge.PlueckerQuarticNotOneBody PhysicsSM.Draft.NullEdge.PlueckerPairGenerator PhysicsSM.Draft.NullEdge.PlueckerRestOperatorGeneral PhysicsSM.Draft.NullEdge.PairKickSelection PhysicsSM.Draft.NullEdge.SplitStepChargeBalance PhysicsSM.Draft.NullEdge.MassCovarianceForcing PhysicsSM.Draft.NullEdge.CARBlockReduction PhysicsSM.Draft.NullEdge.SplitStepSchurJet PhysicsSM.Draft.NullEdge.SplitStepSchurJetAllNodes PhysicsSM.Draft.NullEdge.TwoBandCrossingDoubling PhysicsSM.Draft.NullEdge.TwoBandFlowCount PhysicsSM.Draft.NullEdge.TwoBandEigenphaseAnalytic PhysicsSM.Draft.NullEdge.Selection2Repairs PhysicsSM.Draft.NullEdge.PlueckerCausalCone PhysicsSM.Draft.NullEdge.PlueckerGeometricCone PhysicsSM.Draft.NullEdge.PlueckerLayerCone PhysicsSM.Draft.NullEdge.FiniteCARSecondQuantization PhysicsSM.Draft.NullEdge.CARAnnihilationLocality PhysicsSM.Draft.NullEdge.ChangingModeEmbedding PhysicsSM.Draft.NullEdge.SobolevTailRate PhysicsSM.Draft.NullEdge.Compact3Plus1RefinedWindowRate PhysicsSM.Draft.NullEdge.Compact3Plus1GrowingWindowRate PhysicsSM.Draft.NullEdge.ChannelShearModuli PhysicsSM.Draft.NullEdge.ChannelRefinementTorsor PhysicsSM.Draft.NullEdge.ChannelSelectorUniqueness PhysicsSM.Draft.NullEdge.ChannelNaturalityNoGo PhysicsSM.Draft.NullEdge.ChannelSelectorRigidity PhysicsSM.Draft.NullEdge.ChannelSelectorDescent PhysicsSM.Draft.NullEdge.ChannelPhysicalCohomology PhysicsSM.Draft.NullEdge.Carrier.WardPhysicalCohomology PhysicsSM.Draft.NullEdge.Carrier.PhysicalHomotopyLocality PhysicsSM.Draft.NullEdge.Carrier.WardAutomorphismQuotient PhysicsSM.Draft.NullEdge.Carrier.WardQuotientFactorization PhysicsSM.Draft.NullEdge.ChannelSolderDegreeNoGo PhysicsSM.Draft.NullEdge.ChannelTraceSelectorNoGo PhysicsSM.Draft.NullEdge.ChannelQuadraticSelectorFamily PhysicsSM.Draft.NullEdge.ChannelKreinMetricNoGo PhysicsSM.Draft.NullEdge.ChannelCommutatorSelectorClassification PhysicsSM.Draft.NullEdge.ChannelQuadraticInnerLift PhysicsSM.Draft.NullEdge.HalfWindingFieldPositionClassification PhysicsSM.Draft.NullEdge.ChannelKreinSectorSignature PhysicsSM.Draft.NullEdge.ChannelPositiveSectorModuli PhysicsSM.Draft.NullEdge.ChannelPositiveComplementDisk PhysicsSM.Draft.NullEdge.ChannelSelectorQuotient PhysicsSM.Draft.NullEdge.ChiralFlipMode PhysicsSM.Draft.NullEdge.SignWallDefectRouteB PhysicsSM.Draft.NullEdge.ModeInvariantHalfWinding PhysicsSM.Draft.NullEdge.HalfWindingFullWalkControls PhysicsSM.Draft.NullEdge.WallModeWitness PhysicsSM.Draft.NullEdge.Finite3Plus1ProductDFTCore PhysicsSM.Draft.NullEdge.Finite3Plus1FourierBridge PhysicsSM.Draft.NullEdge.Finite3Plus1AnalyticSignBridge PhysicsSM.Draft.NullEdge.LiveDFTComposition PhysicsSM.Draft.NullEdge.OvernightTheoryAxiomGuard

ℹ [8031/8361] Replayed PhysicsSM.Algebra.Furey.AnomalyBridge
info: PhysicsSM/Algebra/Furey/AnomalyBridge.lean:307:35: Try this:
  [apply] ring_nf

  The `ring` tactic failed to close the goal. Use `ring_nf` to obtain a normal form.

  Note that `ring` works primarily in *commutative* rings. If you have a noncommutative ring, abelian group or module, consider using `noncomm_ring`, `abel` or `module` instead.
info: PhysicsSM/Algebra/Furey/AnomalyBridge.lean:308:81: Try this:
  [apply] ring_nf

  The `ring` tactic failed to close the goal. Use `ring_nf` to obtain a normal form.

  Note that `ring` works primarily in *commutative* rings. If you have a noncommutative ring, abelian group or module, consider using `noncomm_ring`, `abel` or `module` instead.
info: PhysicsSM/Algebra/Furey/AnomalyBridge.lean:349:4: Try this:
  [apply] exact Eq.symm (ComplexOctonion.ext rfl rfl)
info: PhysicsSM/Algebra/Furey/AnomalyBridge.lean:375:4: Try this:
  [apply] exact Eq.symm (ComplexOctonion.ext rfl rfl)
info: PhysicsSM/Algebra/Furey/AnomalyBridge.lean:399:44: Try this:
  [apply] ring_nf

  The `ring` tactic failed to close the goal. Use `ring_nf` to obtain a normal form.

  Note that `ring` works primarily in *commutative* rings. If you have a noncommutative ring, abelian group or module, consider using `noncomm_ring`, `abel` or `module` instead.
ℹ [8052/8361] Replayed PhysicsSM.Draft.NullEdge.SuccessiveAxisDiracWalk
info: PhysicsSM/Draft/NullEdge/SuccessiveAxisDiracWalk.lean:85:25: Try this:
  [apply] ring_nf

  The `ring` tactic failed to close the goal. Use `ring_nf` to obtain a normal form.

  Note that `ring` works primarily in *commutative* rings. If you have a noncommutative ring, abelian group or module, consider using `noncomm_ring`, `abel` or `module` instead.
info: PhysicsSM/Draft/NullEdge/SuccessiveAxisDiracWalk.lean:85:67: Try this:
  [apply] ring_nf

  The `ring` tactic failed to close the goal. Use `ring_nf` to obtain a normal form.

  Note that `ring` works primarily in *commutative* rings. If you have a noncommutative ring, abelian group or module, consider using `noncomm_ring`, `abel` or `module` instead.
info: PhysicsSM/Draft/NullEdge/SuccessiveAxisDiracWalk.lean:161:55: Try this:
  [apply] ring_nf

  The `ring` tactic failed to close the goal. Use `ring_nf` to obtain a normal form.

  Note that `ring` works primarily in *commutative* rings. If you have a noncommutative ring, abelian group or module, consider using `noncomm_ring`, `abel` or `module` instead.
ℹ [8053/8361] Replayed PhysicsSM.Draft.NullEdge.Pluecker3Plus1ComplexMass
info: PhysicsSM/Draft/NullEdge/Pluecker3Plus1ComplexMass.lean:149:2: Try this:
  [apply] ring_nf

  The `ring` tactic failed to close the goal. Use `ring_nf` to obtain a normal form.

  Note that `ring` works primarily in *commutative* rings. If you have a noncommutative ring, abelian group or module, consider using `noncomm_ring`, `abel` or `module` instead.
info: PhysicsSM/Draft/NullEdge/Pluecker3Plus1ComplexMass.lean:244:6: Try this:
  [apply] ring_nf

  The `ring` tactic failed to close the goal. Use `ring_nf` to obtain a normal form.

  Note that `ring` works primarily in *commutative* rings. If you have a noncommutative ring, abelian group or module, consider using `noncomm_ring`, `abel` or `module` instead.
info: PhysicsSM/Draft/NullEdge/Pluecker3Plus1ComplexMass.lean:244:6: Try this:
  [apply] ring_nf

  The `ring` tactic failed to close the goal. Use `ring_nf` to obtain a normal form.

  Note that `ring` works primarily in *commutative* rings. If you have a noncommutative ring, abelian group or module, consider using `noncomm_ring`, `abel` or `module` instead.
info: PhysicsSM/Draft/NullEdge/Pluecker3Plus1ComplexMass.lean:244:6: Try this:
  [apply] ring_nf

  The `ring` tactic failed to close the goal. Use `ring_nf` to obtain a normal form.

  Note that `ring` works primarily in *commutative* rings. If you have a noncommutative ring, abelian group or module, consider using `noncomm_ring`, `abel` or `module` instead.
info: PhysicsSM/Draft/NullEdge/Pluecker3Plus1ComplexMass.lean:244:6: Try this:
  [apply] ring_nf

  The `ring` tactic failed to close the goal. Use `ring_nf` to obtain a normal form.

  Note that `ring` works primarily in *commutative* rings. If you have a noncommutative ring, abelian group or module, consider using `noncomm_ring`, `abel` or `module` instead.
info: PhysicsSM/Draft/NullEdge/Pluecker3Plus1ComplexMass.lean:244:6: Try this:
  [apply] ring_nf

  The `ring` tactic failed to close the goal. Use `ring_nf` to obtain a normal form.

  Note that `ring` works primarily in *commutative* rings. If you have a noncommutative ring, abelian group or module, consider using `noncomm_ring`, `abel` or `module` instead.
info: PhysicsSM/Draft/NullEdge/Pluecker3Plus1ComplexMass.lean:244:6: Try this:
  [apply] ring_nf

  The `ring` tactic failed to close the goal. Use `ring_nf` to obtain a normal form.

  Note that `ring` works primarily in *commutative* rings. If you have a noncommutative ring, abelian group or module, consider using `noncomm_ring`, `abel` or `module` instead.
info: PhysicsSM/Draft/NullEdge/Pluecker3Plus1ComplexMass.lean:244:6: Try this:
  [apply] ring_nf

  The `ring` tactic failed to close the goal. Use `ring_nf` to obtain a normal form.

  Note that `ring` works primarily in *commutative* rings. If you have a noncommutative ring, abelian group or module, consider using `noncomm_ring`, `abel` or `module` instead.
info: PhysicsSM/Draft/NullEdge/Pluecker3Plus1ComplexMass.lean:244:6: Try this:
  [apply] ring_nf

  The `ring` tactic failed to close the goal. Use `ring_nf` to obtain a normal form.

  Note that `ring` works primarily in *commutative* rings. If you have a noncommutative ring, abelian group or module, consider using `noncomm_ring`, `abel` or `module` instead.
info: PhysicsSM/Draft/NullEdge/Pluecker3Plus1ComplexMass.lean:250:4: Try this:
  [apply] ring_nf

  The `ring` tactic failed to close the goal. Use `ring_nf` to obtain a normal form.

  Note that `ring` works primarily in *commutative* rings. If you have a noncommutative ring, abelian group or module, consider using `noncomm_ring`, `abel` or `module` instead.
info: PhysicsSM/Draft/NullEdge/Pluecker3Plus1ComplexMass.lean:250:4: Try this:
  [apply] ring_nf

  The `ring` tactic failed to close the goal. Use `ring_nf` to obtain a normal form.

  Note that `ring` works primarily in *commutative* rings. If you have a noncommutative ring, abelian group or module, consider using `noncomm_ring`, `abel` or `module` instead.
info: PhysicsSM/Draft/NullEdge/Pluecker3Plus1ComplexMass.lean:250:4: Try this:
  [apply] ring_nf

  The `ring` tactic failed to close the goal. Use `ring_nf` to obtain a normal form.

  Note that `ring` works primarily in *commutative* rings. If you have a noncommutative ring, abelian group or module, consider using `noncomm_ring`, `abel` or `module` instead.
info: PhysicsSM/Draft/NullEdge/Pluecker3Plus1ComplexMass.lean:250:4: Try this:
  [apply] ring_nf

  The `ring` tactic failed to close the goal. Use `ring_nf` to obtain a normal form.

  Note that `ring` works primarily in *commutative* rings. If you have a noncommutative ring, abelian group or module, consider using `noncomm_ring`, `abel` or `module` instead.
info: PhysicsSM/Draft/NullEdge/Pluecker3Plus1ComplexMass.lean:250:4: Try this:
  [apply] ring_nf

  The `ring` tactic failed to close the goal. Use `ring_nf` to obtain a normal form.

  Note that `ring` works primarily in *commutative* rings. If you have a noncommutative ring, abelian group or module, consider using `noncomm_ring`, `abel` or `module` instead.
info: PhysicsSM/Draft/NullEdge/Pluecker3Plus1ComplexMass.lean:250:4: Try this:
  [apply] ring_nf

  The `ring` tactic failed to close the goal. Use `ring_nf` to obtain a normal form.

  Note that `ring` works primarily in *commutative* rings. If you have a noncommutative ring, abelian group or module, consider using `noncomm_ring`, `abel` or `module` instead.
info: PhysicsSM/Draft/NullEdge/Pluecker3Plus1ComplexMass.lean:250:4: Try this:
  [apply] ring_nf

  The `ring` tactic failed to close the goal. Use `ring_nf` to obtain a normal form.

  Note that `ring` works primarily in *commutative* rings. If you have a noncommutative ring, abelian group or module, consider using `noncomm_ring`, `abel` or `module` instead.
info: PhysicsSM/Draft/NullEdge/Pluecker3Plus1ComplexMass.lean:250:4: Try this:
  [apply] ring_nf

  The `ring` tactic failed to close the goal. Use `ring_nf` to obtain a normal form.

  Note that `ring` works primarily in *commutative* rings. If you have a noncommutative ring, abelian group or module, consider using `noncomm_ring`, `abel` or `module` instead.
info: PhysicsSM/Draft/NullEdge/Pluecker3Plus1ComplexMass.lean:276:6: Try this:
  [apply] ring_nf

  The `ring` tactic failed to close the goal. Use `ring_nf` to obtain a normal form.

  Note that `ring` works primarily in *commutative* rings. If you have a noncommutative ring, abelian group or module, consider using `noncomm_ring`, `abel` or `module` instead.
info: PhysicsSM/Draft/NullEdge/Pluecker3Plus1ComplexMass.lean:294:6: Try this:
  [apply] ring_nf

  The `ring` tactic failed to close the goal. Use `ring_nf` to obtain a normal form.

  Note that `ring` works primarily in *commutative* rings. If you have a noncommutative ring, abelian group or module, consider using `noncomm_ring`, `abel` or `module` instead.
info: PhysicsSM/Draft/NullEdge/Pluecker3Plus1ComplexMass.lean:307:4: Try this:
  [apply] ring_nf

  The `ring` tactic failed to close the goal. Use `ring_nf` to obtain a normal form.

  Note that `ring` works primarily in *commutative* rings. If you have a noncommutative ring, abelian group or module, consider using `noncomm_ring`, `abel` or `module` instead.
⚠ [8059/8361] Replayed PhysicsSM.Draft.NullEdge.Compact3Plus1DiracRate
info: PhysicsSM/Draft/NullEdge/Compact3Plus1DiracRate.lean:90:154: Try this:
  [apply] ring_nf

  The `ring` tactic failed to close the goal. Use `ring_nf` to obtain a normal form.

  Note that `ring` works primarily in *commutative* rings. If you have a noncommutative ring, abelian group or module, consider using `noncomm_ring`, `abel` or `module` instead.
info: PhysicsSM/Draft/NullEdge/Compact3Plus1DiracRate.lean:93:90: Try this:
  [apply] ring_nf

  The `ring` tactic failed to close the goal. Use `ring_nf` to obtain a normal form.

  Note that `ring` works primarily in *commutative* rings. If you have a noncommutative ring, abelian group or module, consider using `noncomm_ring`, `abel` or `module` instead.
warning: PhysicsSM/Draft/NullEdge/Compact3Plus1DiracRate.lean:144:20: `Matrix.toEuclideanLin_apply` has been deprecated: Use `Matrix.toLpLin_apply` instead

Note: The updated constant has a different type:
  ∀ {m : Type u_1} {n : Type u_2} {R : Type u_4} [inst : Fintype n] [inst_1 : DecidableEq n] [inst_2 : CommRing R]
    (p q : ENNReal) (M : Matrix m n R) (v : WithLp p (n → R)), ((toLpLin p q) M) v = WithLp.toLp q (M *ᵥ v.ofLp)
instead of
  ∀ {𝕜 : Type u_3} [inst : RCLike 𝕜] {m : Type u_7} {n : Type u_8} [inst_1 : Fintype n] [inst_2 : DecidableEq n]
    (M : Matrix m n 𝕜) (v : EuclideanSpace 𝕜 n), (toEuclideanLin M) v = WithLp.toLp 2 (M *ᵥ v.ofLp)
info: PhysicsSM/Draft/NullEdge/Compact3Plus1DiracRate.lean:207:96: Try this:
  [apply] ring_nf

  The `ring` tactic failed to close the goal. Use `ring_nf` to obtain a normal form.

  Note that `ring` works primarily in *commutative* rings. If you have a noncommutative ring, abelian group or module, consider using `noncomm_ring`, `abel` or `module` instead.
warning: PhysicsSM/Draft/NullEdge/Compact3Plus1DiracRate.lean:214:77: try 'simp' instead of 'simpa'

Note: This linter can be disabled with `set_option linter.unnecessarySimpa false`
warning: PhysicsSM/Draft/NullEdge/Compact3Plus1DiracRate.lean:214:77: try 'simp' instead of 'simpa'

Note: This linter can be disabled with `set_option linter.unnecessarySimpa false`
info: PhysicsSM/Draft/NullEdge/Compact3Plus1DiracRate.lean:215:112: Try this:
  [apply] ring_nf

  The `ring` tactic failed to close the goal. Use `ring_nf` to obtain a normal form.

  Note that `ring` works primarily in *commutative* rings. If you have a noncommutative ring, abelian group or module, consider using `noncomm_ring`, `abel` or `module` instead.
info: PhysicsSM/Draft/NullEdge/Compact3Plus1DiracRate.lean:238:46: Try this:
  [apply] ring_nf

  The `ring` tactic failed to close the goal. Use `ring_nf` to obtain a normal form.

  Note that `ring` works primarily in *commutative* rings. If you have a noncommutative ring, abelian group or module, consider using `noncomm_ring`, `abel` or `module` instead.
info: PhysicsSM/Draft/NullEdge/Compact3Plus1DiracRate.lean:419:92: Try this:
  [apply] ring_nf

  The `ring` tactic failed to close the goal. Use `ring_nf` to obtain a normal form.

  Note that `ring` works primarily in *commutative* rings. If you have a noncommutative ring, abelian group or module, consider using `noncomm_ring`, `abel` or `module` instead.
info: PhysicsSM/Draft/NullEdge/Compact3Plus1DiracRate.lean:440:160: Try this:
  [apply] ring_nf

  The `ring` tactic failed to close the goal. Use `ring_nf` to obtain a normal form.

  Note that `ring` works primarily in *commutative* rings. If you have a noncommutative ring, abelian group or module, consider using `noncomm_ring`, `abel` or `module` instead.
warning: PhysicsSM/Draft/NullEdge/Compact3Plus1DiracRate.lean:494:5: unused variable `hK`

Note: This linter can be disabled with `set_option linter.unusedVariables false`
warning: PhysicsSM/Draft/NullEdge/Compact3Plus1DiracRate.lean:494:18: unused variable `hM`

Note: This linter can be disabled with `set_option linter.unusedVariables false`
ℹ [8062/8361] Replayed PhysicsSM.Draft.NullEdge.FullBlochSplitMinus
info: PhysicsSM/Draft/NullEdge/FullBlochSplitMinus.lean:21:292: Try this:
  [apply] ring_nf

  The `ring` tactic failed to close the goal. Use `ring_nf` to obtain a normal form.

  Note that `ring` works primarily in *commutative* rings. If you have a noncommutative ring, abelian group or module, consider using `noncomm_ring`, `abel` or `module` instead.
ℹ [8067/8361] Replayed PhysicsSM.Draft.NullEdge.StationaryAmplitudeNoGo
info: PhysicsSM/Draft/NullEdge/StationaryAmplitudeNoGo.lean:138:6: Try this:
  [apply] ring_nf

  The `ring` tactic failed to close the goal. Use `ring_nf` to obtain a normal form.

  Note that `ring` works primarily in *commutative* rings. If you have a noncommutative ring, abelian group or module, consider using `noncomm_ring`, `abel` or `module` instead.
info: PhysicsSM/Draft/NullEdge/StationaryAmplitudeNoGo.lean:148:2: Try this:
  [apply] ring_nf

  The `ring` tactic failed to close the goal. Use `ring_nf` to obtain a normal form.

  Note that `ring` works primarily in *commutative* rings. If you have a noncommutative ring, abelian group or module, consider using `noncomm_ring`, `abel` or `module` instead.
⚠ [8069/8361] Replayed PhysicsSM.Draft.NullEdge.Goal3ChannelRG
warning: PhysicsSM/Draft/NullEdge/Goal3ChannelRG.lean:6:12: please avoid 'open (scoped) Classical' statements: this can hide theorem statements which would be better stated with explicit decidability statements.
Instead, use `open Classical in` for definitions or instances, the `classical` tactic for proofs.
For theorem statements, either add missing decidability assumptions or use `open Classical in`.

Note: This linter can be disabled with `set_option linter.style.openClassical false`
⚠ [8085/8361] Replayed PhysicsSM.Draft.NullEdge.PlueckerPhaseDefectSpectrum
warning: PhysicsSM/Draft/NullEdge/PlueckerPhaseDefectSpectrum.lean:21:12: please avoid 'open (scoped) Classical' statements: this can hide theorem statements which would be better stated with explicit decidability statements.
Instead, use `open Classical in` for definitions or instances, the `classical` tactic for proofs.
For theorem statements, either add missing decidability assumptions or use `open Classical in`.

Note: This linter can be disabled with `set_option linter.style.openClassical false`
info: PhysicsSM/Draft/NullEdge/PlueckerPhaseDefectSpectrum.lean:192:47: Try this:
  [apply] ring_nf

  The `ring` tactic failed to close the goal. Use `ring_nf` to obtain a normal form.

  Note that `ring` works primarily in *commutative* rings. If you have a noncommutative ring, abelian group or module, consider using `noncomm_ring`, `abel` or `module` instead.
info: PhysicsSM/Draft/NullEdge/PlueckerPhaseDefectSpectrum.lean:193:39: Try this:
  [apply] ring_nf

  The `ring` tactic failed to close the goal. Use `ring_nf` to obtain a normal form.

  Note that `ring` works primarily in *commutative* rings. If you have a noncommutative ring, abelian group or module, consider using `noncomm_ring`, `abel` or `module` instead.
info: PhysicsSM/Draft/NullEdge/PlueckerPhaseDefectSpectrum.lean:217:178: Try this:
  [apply] ring_nf

  The `ring` tactic failed to close the goal. Use `ring_nf` to obtain a normal form.

  Note that `ring` works primarily in *commutative* rings. If you have a noncommutative ring, abelian group or module, consider using `noncomm_ring`, `abel` or `module` instead.
info: PhysicsSM/Draft/NullEdge/PlueckerPhaseDefectSpectrum.lean:241:62: Try this:
  [apply] ring_nf

  The `ring` tactic failed to close the goal. Use `ring_nf` to obtain a normal form.

  Note that `ring` works primarily in *commutative* rings. If you have a noncommutative ring, abelian group or module, consider using `noncomm_ring`, `abel` or `module` instead.
info: PhysicsSM/Draft/NullEdge/PlueckerPhaseDefectSpectrum.lean:242:20: Try this:
  [apply] ring_nf

  The `ring` tactic failed to close the goal. Use `ring_nf` to obtain a normal form.

  Note that `ring` works primarily in *commutative* rings. If you have a noncommutative ring, abelian group or module, consider using `noncomm_ring`, `abel` or `module` instead.
⚠ [8086/8361] Replayed PhysicsSM.Draft.NullEdge.FiniteCARSecondQuantization
warning: PhysicsSM/Draft/NullEdge/FiniteCARSecondQuantization.lean:65:0: `gammaEntry_singleton` has the hypothesis:
  • [DecidableEq ι] (#2)
which is not used in the remainder of the type.

Consider removing this hypothesis and using `classical` in the proof instead. For terms, consider using `open scoped Classical in` at the term level (not the command level).

Note: This linter can be disabled with `set_option linter.unusedDecidableInType false`
warning: PhysicsSM/Draft/NullEdge/FiniteCARSecondQuantization.lean:134:0: `belowCount_orderEmbOfFin` has the hypothesis:
  • [Fintype ι] (#2)
which is not used in the remainder of the type.

Consider replacing this hypothesis with the corresponding instance of `Finite` and using `Fintype.ofFinite` in the proof, or removing it entirely.

Note: This linter can be disabled with `set_option linter.unusedFintypeInType false`
warning: PhysicsSM/Draft/NullEdge/FiniteCARSecondQuantization.lean:134:0: `belowCount_orderEmbOfFin` has the hypothesis:
  • [DecidableEq ι] (#3)
which is not used in the remainder of the type.

Consider removing this hypothesis and using `classical` in the proof instead. For terms, consider using `open scoped Classical in` at the term level (not the command level).

Note: This linter can be disabled with `set_option linter.unusedDecidableInType false`
warning: PhysicsSM/Draft/NullEdge/FiniteCARSecondQuantization.lean:169:0: `belowCount_lt_card` has the hypothesis:
  • [Fintype ι] (#2)
which is not used in the remainder of the type.

Consider replacing this hypothesis with the corresponding instance of `Finite` and using `Fintype.ofFinite` in the proof, or removing it entirely.

Note: This linter can be disabled with `set_option linter.unusedFintypeInType false`
warning: PhysicsSM/Draft/NullEdge/FiniteCARSecondQuantization.lean:169:0: `belowCount_lt_card` has the hypothesis:
  • [DecidableEq ι] (#3)
which is not used in the remainder of the type.

Consider removing this hypothesis and using `classical` in the proof instead. For terms, consider using `open scoped Classical in` at the term level (not the command level).

Note: This linter can be disabled with `set_option linter.unusedDecidableInType false`
warning: PhysicsSM/Draft/NullEdge/FiniteCARSecondQuantization.lean:188:0: `orderEmbOfFin_erase` has the hypothesis:
  • [Fintype ι] (#2)
which is not used in the remainder of the type.

Consider replacing this hypothesis with the corresponding instance of `Finite` and using `Fintype.ofFinite` in the proof, or removing it entirely.

Note: This linter can be disabled with `set_option linter.unusedFintypeInType false`
warning: PhysicsSM/Draft/NullEdge/FiniteCARSecondQuantization.lean:214:0: `gammaEntry_eq_det` has the hypothesis:
  • [Fintype ι] (#2)
which is not used in the remainder of the type.

Consider replacing this hypothesis with the corresponding instance of `Finite` and using `Fintype.ofFinite` in the proof, or removing it entirely.

Note: This linter can be disabled with `set_option linter.unusedFintypeInType false`
warning: PhysicsSM/Draft/NullEdge/FiniteCARSecondQuantization.lean:214:0: `gammaEntry_eq_det` has the hypothesis:
  • [DecidableEq ι] (#3)
which is not used in the remainder of the type.

Consider removing this hypothesis and using `classical` in the proof instead. For terms, consider using `open scoped Classical in` at the term level (not the command level).

Note: This linter can be disabled with `set_option linter.unusedDecidableInType false`
warning: PhysicsSM/Draft/NullEdge/FiniteCARSecondQuantization.lean:224:0: `gammaEntry_laplace_col` has the hypothesis:
  • [Fintype ι] (#2)
which is not used in the remainder of the type.

Consider replacing this hypothesis with the corresponding instance of `Finite` and using `Fintype.ofFinite` in the proof, or removing it entirely.

Note: This linter can be disabled with `set_option linter.unusedFintypeInType false`
warning: PhysicsSM/Draft/NullEdge/FiniteCARSecondQuantization.lean:296:0: `sum_orderEmb` has the hypothesis:
  • [Fintype ι] (#2)
which is not used in the remainder of the type.

Consider replacing this hypothesis with the corresponding instance of `Finite` and using `Fintype.ofFinite` in the proof, or removing it entirely.

Note: This linter can be disabled with `set_option linter.unusedFintypeInType false`
warning: PhysicsSM/Draft/NullEdge/FiniteCARSecondQuantization.lean:296:0: `sum_orderEmb` has the hypothesis:
  • [DecidableEq ι] (#3)
which is not used in the remainder of the type.

Consider removing this hypothesis and using `classical` in the proof instead. For terms, consider using `open scoped Classical in` at the term level (not the command level).

Note: This linter can be disabled with `set_option linter.unusedDecidableInType false`
warning: PhysicsSM/Draft/NullEdge/FiniteCARSecondQuantization.lean:310:0: `gammaEntry_cofactor_zero` has the hypothesis:
  • [Fintype ι] (#2)
which is not used in the remainder of the type.

Consider replacing this hypothesis with the corresponding instance of `Finite` and using `Fintype.ofFinite` in the proof, or removing it entirely.

Note: This linter can be disabled with `set_option linter.unusedFintypeInType false`
info: PhysicsSM/Draft/NullEdge/FiniteCARSecondQuantization.lean:395:4: Try this:
  [apply] ring_nf

  The `ring` tactic failed to close the goal. Use `ring_nf` to obtain a normal form.

  Note that `ring` works primarily in *commutative* rings. If you have a noncommutative ring, abelian group or module, consider using `noncomm_ring`, `abel` or `module` instead.
info: PhysicsSM/Draft/NullEdge/FiniteCARSecondQuantization.lean:397:4: Try this:
  [apply] ring_nf

  The `ring` tactic failed to close the goal. Use `ring_nf` to obtain a normal form.

  Note that `ring` works primarily in *commutative* rings. If you have a noncommutative ring, abelian group or module, consider using `noncomm_ring`, `abel` or `module` instead.
warning: PhysicsSM/Draft/NullEdge/FiniteCARSecondQuantization.lean:374:0: `gammaEntry_column_expansion` has the hypothesis:
  • [Fintype ι] (#2)
which is not used in the remainder of the type.

Consider replacing this hypothesis with the corresponding instance of `Finite` and using `Fintype.ofFinite` in the proof, or removing it entirely.

Note: This linter can be disabled with `set_option linter.unusedFintypeInType false`
info: PhysicsSM/Draft/NullEdge/FiniteCARSecondQuantization.lean:411:4: Try this:
  [apply] ring_nf!

  The `ring!` tactic failed to close the goal. Use `ring_nf!` to obtain a normal form.

  Note that `ring!` works primarily in *commutative* rings. If you have a noncommutative ring, abelian group or module, consider using `noncomm_ring`, `abel` or `module` instead.
warning: PhysicsSM/Draft/NullEdge/FiniteCARSecondQuantization.lean:405:0: `gammaEntry_column_vanish` has the hypothesis:
  • [Fintype ι] (#2)
which is not used in the remainder of the type.

Consider replacing this hypothesis with the corresponding instance of `Finite` and using `Fintype.ofFinite` in the proof, or removing it entirely.

Note: This linter can be disabled with `set_option linter.unusedFintypeInType false`
warning: PhysicsSM/Draft/NullEdge/FiniteCARSecondQuantization.lean:471:0: `Gamma_finset_sum` has the hypothesis:
  • [DecidableEq ι] (#3)
which is not used in the remainder of the type.

Consider removing this hypothesis and using `classical` in the proof instead. For terms, consider using `open scoped Classical in` at the term level (not the command level).

Note: This linter can be disabled with `set_option linter.unusedDecidableInType false`
warning: PhysicsSM/Draft/NullEdge/FiniteCARSecondQuantization.lean:483:0: `create_basisVec` has the hypothesis:
  • [Fintype ι] (#2)
which is not used in the remainder of the type.

Consider replacing this hypothesis with the corresponding instance of `Finite` and using `Fintype.ofFinite` in the proof, or removing it entirely.

Note: This linter can be disabled with `set_option linter.unusedFintypeInType false`
warning: PhysicsSM/Draft/NullEdge/FiniteCARSecondQuantization.lean:492:0: `basisVec_eq_opSign_create` has the hypothesis:
  • [Fintype ι] (#2)
which is not used in the remainder of the type.

Consider replacing this hypothesis with the corresponding instance of `Finite` and using `Fintype.ofFinite` in the proof, or removing it entirely.

Note: This linter can be disabled with `set_option linter.unusedFintypeInType false`
warning: PhysicsSM/Draft/NullEdge/FiniteCARSecondQuantization.lean:500:0: `gammaEntry_one` has the hypothesis:
  • [Fintype ι] (#2)
which is not used in the remainder of the type.

Consider replacing this hypothesis with the corresponding instance of `Finite` and using `Fintype.ofFinite` in the proof, or removing it entirely.

Note: This linter can be disabled with `set_option linter.unusedFintypeInType false`
warning: PhysicsSM/Draft/NullEdge/FiniteCARSecondQuantization.lean:553:0: `gammaEntry_mul` has the hypothesis:
  • [DecidableEq ι] (#3)
which is not used in the remainder of the type.

Consider removing this hypothesis and using `classical` in the proof instead. For terms, consider using `open scoped Classical in` at the term level (not the command level).

Note: This linter can be disabled with `set_option linter.unusedDecidableInType false`
warning: PhysicsSM/Draft/NullEdge/FiniteCARSecondQuantization.lean:561:0: `Gamma_mul` has the hypothesis:
  • [DecidableEq ι] (#3)
which is not used in the remainder of the type.

Consider removing this hypothesis and using `classical` in the proof instead. For terms, consider using `open scoped Classical in` at the term level (not the command level).

Note: This linter can be disabled with `set_option linter.unusedDecidableInType false`
warning: PhysicsSM/Draft/NullEdge/FiniteCARSecondQuantization.lean:583:0: `gammaEntry_conjTranspose` has the hypothesis:
  • [Fintype ι] (#2)
which is not used in the remainder of the type.

Consider replacing this hypothesis with the corresponding instance of `Finite` and using `Fintype.ofFinite` in the proof, or removing it entirely.

Note: This linter can be disabled with `set_option linter.unusedFintypeInType false`
warning: PhysicsSM/Draft/NullEdge/FiniteCARSecondQuantization.lean:583:0: `gammaEntry_conjTranspose` has the hypothesis:
  • [DecidableEq ι] (#3)
which is not used in the remainder of the type.

Consider removing this hypothesis and using `classical` in the proof instead. For terms, consider using `open scoped Classical in` at the term level (not the command level).

Note: This linter can be disabled with `set_option linter.unusedDecidableInType false`
warning: PhysicsSM/Draft/NullEdge/FiniteCARSecondQuantization.lean:597:0: `fockInner_Gamma_left` has the hypothesis:
  • [DecidableEq ι] (#3)
which is not used in the remainder of the type.

Consider removing this hypothesis and using `classical` in the proof instead. For terms, consider using `open scoped Classical in` at the term level (not the command level).

Note: This linter can be disabled with `set_option linter.unusedDecidableInType false`
warning: PhysicsSM/Draft/NullEdge/FiniteCARSecondQuantization.lean:616:26: unused variable `hright`

Note: This linter can be disabled with `set_option linter.unusedVariables false`
ℹ [8093/8361] Replayed PhysicsSM.Draft.NullEdge.MassCovarianceForcing
info: PhysicsSM/Draft/NullEdge/MassCovarianceForcing.lean:261:109: Try this:
  [apply] ring_nf

  The `ring` tactic failed to close the goal. Use `ring_nf` to obtain a normal form.

  Note that `ring` works primarily in *commutative* rings. If you have a noncommutative ring, abelian group or module, consider using `noncomm_ring`, `abel` or `module` instead.
info: PhysicsSM/Draft/NullEdge/MassCovarianceForcing.lean:262:106: Try this:
  [apply] ring_nf

  The `ring` tactic failed to close the goal. Use `ring_nf` to obtain a normal form.

  Note that `ring` works primarily in *commutative* rings. If you have a noncommutative ring, abelian group or module, consider using `noncomm_ring`, `abel` or `module` instead.
ℹ [8094/8361] Replayed PhysicsSM.Draft.NullEdge.CARBlockReduction
info: PhysicsSM/Draft/NullEdge/CARBlockReduction.lean:291:96: Try this:
  [apply] ring_nf!

  The `ring!` tactic failed to close the goal. Use `ring_nf!` to obtain a normal form.

  Note that `ring!` works primarily in *commutative* rings. If you have a noncommutative ring, abelian group or module, consider using `noncomm_ring`, `abel` or `module` instead.
info: PhysicsSM/Draft/NullEdge/CARBlockReduction.lean:292:93: Try this:
  [apply] ring_nf!

  The `ring!` tactic failed to close the goal. Use `ring_nf!` to obtain a normal form.

  Note that `ring!` works primarily in *commutative* rings. If you have a noncommutative ring, abelian group or module, consider using `noncomm_ring`, `abel` or `module` instead.
ℹ [8095/8361] Replayed PhysicsSM.Draft.NullEdge.SplitStepSchurJet
info: PhysicsSM/Draft/NullEdge/SplitStepSchurJet.lean:153:38: Try this:
  [apply] ring_nf

  The `ring` tactic failed to close the goal. Use `ring_nf` to obtain a normal form.

  Note that `ring` works primarily in *commutative* rings. If you have a noncommutative ring, abelian group or module, consider using `noncomm_ring`, `abel` or `module` instead.
info: PhysicsSM/Draft/NullEdge/SplitStepSchurJet.lean:253:4: Try this:
  [apply] ring_nf

  The `ring` tactic failed to close the goal. Use `ring_nf` to obtain a normal form.

  Note that `ring` works primarily in *commutative* rings. If you have a noncommutative ring, abelian group or module, consider using `noncomm_ring`, `abel` or `module` instead.
info: PhysicsSM/Draft/NullEdge/SplitStepSchurJet.lean:349:148: Try this:
  [apply] ring_nf

  The `ring` tactic failed to close the goal. Use `ring_nf` to obtain a normal form.

  Note that `ring` works primarily in *commutative* rings. If you have a noncommutative ring, abelian group or module, consider using `noncomm_ring`, `abel` or `module` instead.
info: PhysicsSM/Draft/NullEdge/SplitStepSchurJet.lean:363:28: Try this:
  [apply] ring_nf

  The `ring` tactic failed to close the goal. Use `ring_nf` to obtain a normal form.

  Note that `ring` works primarily in *commutative* rings. If you have a noncommutative ring, abelian group or module, consider using `noncomm_ring`, `abel` or `module` instead.
info: PhysicsSM/Draft/NullEdge/SplitStepSchurJet.lean:366:28: Try this:
  [apply] ring_nf

  The `ring` tactic failed to close the goal. Use `ring_nf` to obtain a normal form.

  Note that `ring` works primarily in *commutative* rings. If you have a noncommutative ring, abelian group or module, consider using `noncomm_ring`, `abel` or `module` instead.
info: PhysicsSM/Draft/NullEdge/SplitStepSchurJet.lean:379:28: Try this:
  [apply] ring_nf

  The `ring` tactic failed to close the goal. Use `ring_nf` to obtain a normal form.

  Note that `ring` works primarily in *commutative* rings. If you have a noncommutative ring, abelian group or module, consider using `noncomm_ring`, `abel` or `module` instead.
ℹ [8096/8361] Replayed PhysicsSM.Draft.NullEdge.SplitStepSchurJetAllNodes
info: PhysicsSM/Draft/NullEdge/SplitStepSchurJetAllNodes.lean:172:38: Try this:
  [apply] ring_nf

  The `ring` tactic failed to close the goal. Use `ring_nf` to obtain a normal form.

  Note that `ring` works primarily in *commutative* rings. If you have a noncommutative ring, abelian group or module, consider using `noncomm_ring`, `abel` or `module` instead.
info: PhysicsSM/Draft/NullEdge/SplitStepSchurJetAllNodes.lean:272:4: Try this:
  [apply] ring_nf

  The `ring` tactic failed to close the goal. Use `ring_nf` to obtain a normal form.

  Note that `ring` works primarily in *commutative* rings. If you have a noncommutative ring, abelian group or module, consider using `noncomm_ring`, `abel` or `module` instead.
info: PhysicsSM/Draft/NullEdge/SplitStepSchurJetAllNodes.lean:368:148: Try this:
  [apply] ring_nf

  The `ring` tactic failed to close the goal. Use `ring_nf` to obtain a normal form.

  Note that `ring` works primarily in *commutative* rings. If you have a noncommutative ring, abelian group or module, consider using `noncomm_ring`, `abel` or `module` instead.
info: PhysicsSM/Draft/NullEdge/SplitStepSchurJetAllNodes.lean:382:28: Try this:
  [apply] ring_nf

  The `ring` tactic failed to close the goal. Use `ring_nf` to obtain a normal form.

  Note that `ring` works primarily in *commutative* rings. If you have a noncommutative ring, abelian group or module, consider using `noncomm_ring`, `abel` or `module` instead.
info: PhysicsSM/Draft/NullEdge/SplitStepSchurJetAllNodes.lean:385:28: Try this:
  [apply] ring_nf

  The `ring` tactic failed to close the goal. Use `ring_nf` to obtain a normal form.

  Note that `ring` works primarily in *commutative* rings. If you have a noncommutative ring, abelian group or module, consider using `noncomm_ring`, `abel` or `module` instead.
info: PhysicsSM/Draft/NullEdge/SplitStepSchurJetAllNodes.lean:398:28: Try this:
  [apply] ring_nf

  The `ring` tactic failed to close the goal. Use `ring_nf` to obtain a normal form.

  Note that `ring` works primarily in *commutative* rings. If you have a noncommutative ring, abelian group or module, consider using `noncomm_ring`, `abel` or `module` instead.
info: PhysicsSM/Draft/NullEdge/SplitStepSchurJetAllNodes.lean:601:34: Try this:
  [apply] ring_nf

  The `ring` tactic failed to close the goal. Use `ring_nf` to obtain a normal form.

  Note that `ring` works primarily in *commutative* rings. If you have a noncommutative ring, abelian group or module, consider using `noncomm_ring`, `abel` or `module` instead.
info: PhysicsSM/Draft/NullEdge/SplitStepSchurJetAllNodes.lean:616:105: Try this:
  [apply] ring_nf

  The `ring` tactic failed to close the goal. Use `ring_nf` to obtain a normal form.

  Note that `ring` works primarily in *commutative* rings. If you have a noncommutative ring, abelian group or module, consider using `noncomm_ring`, `abel` or `module` instead.
info: PhysicsSM/Draft/NullEdge/SplitStepSchurJetAllNodes.lean:628:159: Try this:
  [apply] ring_nf

  The `ring` tactic failed to close the goal. Use `ring_nf` to obtain a normal form.

  Note that `ring` works primarily in *commutative* rings. If you have a noncommutative ring, abelian group or module, consider using `noncomm_ring`, `abel` or `module` instead.
info: PhysicsSM/Draft/NullEdge/SplitStepSchurJetAllNodes.lean:640:84: Try this:
  [apply] ring_nf

  The `ring` tactic failed to close the goal. Use `ring_nf` to obtain a normal form.

  Note that `ring` works primarily in *commutative* rings. If you have a noncommutative ring, abelian group or module, consider using `noncomm_ring`, `abel` or `module` instead.
info: PhysicsSM/Draft/NullEdge/SplitStepSchurJetAllNodes.lean:740:75: Try this:
  [apply] ring_nf

  The `ring` tactic failed to close the goal. Use `ring_nf` to obtain a normal form.

  Note that `ring` works primarily in *commutative* rings. If you have a noncommutative ring, abelian group or module, consider using `noncomm_ring`, `abel` or `module` instead.
info: PhysicsSM/Draft/NullEdge/SplitStepSchurJetAllNodes.lean:749:26: Try this:
  [apply] ring_nf

  The `ring` tactic failed to close the goal. Use `ring_nf` to obtain a normal form.

  Note that `ring` works primarily in *commutative* rings. If you have a noncommutative ring, abelian group or module, consider using `noncomm_ring`, `abel` or `module` instead.
info: PhysicsSM/Draft/NullEdge/SplitStepSchurJetAllNodes.lean:750:61: Try this:
  [apply] ring_nf

  The `ring` tactic failed to close the goal. Use `ring_nf` to obtain a normal form.

  Note that `ring` works primarily in *commutative* rings. If you have a noncommutative ring, abelian group or module, consider using `noncomm_ring`, `abel` or `module` instead.
⚠ [8097/8361] Replayed PhysicsSM.Draft.NullEdge.TwoBandCrossingDoubling
warning: PhysicsSM/Draft/NullEdge/TwoBandCrossingDoubling.lean:215:47: unused variable `hz`

Note: This linter can be disabled with `set_option linter.unusedVariables false`
⚠ [8099/8361] Replayed PhysicsSM.Draft.NullEdge.TwoBandEigenphaseAnalytic
warning: PhysicsSM/Draft/NullEdge/TwoBandEigenphaseAnalytic.lean:56:12: please avoid 'open (scoped) Classical' statements: this can hide theorem statements which would be better stated with explicit decidability statements.
Instead, use `open Classical in` for definitions or instances, the `classical` tactic for proofs.
For theorem statements, either add missing decidability assumptions or use `open Classical in`.

Note: This linter can be disabled with `set_option linter.style.openClassical false`
info: PhysicsSM/Draft/NullEdge/TwoBandEigenphaseAnalytic.lean:180:222: Try this:
  [apply] ring_nf

  The `ring` tactic failed to close the goal. Use `ring_nf` to obtain a normal form.

  Note that `ring` works primarily in *commutative* rings. If you have a noncommutative ring, abelian group or module, consider using `noncomm_ring`, `abel` or `module` instead.
info: PhysicsSM/Draft/NullEdge/TwoBandEigenphaseAnalytic.lean:187:143: Try this:
  [apply] ring_nf

  The `ring` tactic failed to close the goal. Use `ring_nf` to obtain a normal form.

  Note that `ring` works primarily in *commutative* rings. If you have a noncommutative ring, abelian group or module, consider using `noncomm_ring`, `abel` or `module` instead.
info: PhysicsSM/Draft/NullEdge/TwoBandEigenphaseAnalytic.lean:192:74: Try this:
  [apply] ring_nf

  The `ring` tactic failed to close the goal. Use `ring_nf` to obtain a normal form.

  Note that `ring` works primarily in *commutative* rings. If you have a noncommutative ring, abelian group or module, consider using `noncomm_ring`, `abel` or `module` instead.
info: PhysicsSM/Draft/NullEdge/TwoBandEigenphaseAnalytic.lean:274:118: Try this:
  [apply] ring_nf

  The `ring` tactic failed to close the goal. Use `ring_nf` to obtain a normal form.

  Note that `ring` works primarily in *commutative* rings. If you have a noncommutative ring, abelian group or module, consider using `noncomm_ring`, `abel` or `module` instead.
info: PhysicsSM/Draft/NullEdge/TwoBandEigenphaseAnalytic.lean:274:118: Try this:
  [apply] ring_nf

  The `ring` tactic failed to close the goal. Use `ring_nf` to obtain a normal form.

  Note that `ring` works primarily in *commutative* rings. If you have a noncommutative ring, abelian group or module, consider using `noncomm_ring`, `abel` or `module` instead.
info: PhysicsSM/Draft/NullEdge/TwoBandEigenphaseAnalytic.lean:274:118: Try this:
  [apply] ring_nf

  The `ring` tactic failed to close the goal. Use `ring_nf` to obtain a normal form.

  Note that `ring` works primarily in *commutative* rings. If you have a noncommutative ring, abelian group or module, consider using `noncomm_ring`, `abel` or `module` instead.
⚠ [8101/8361] Replayed PhysicsSM.Draft.NullEdge.PlueckerCausalCone
warning: PhysicsSM/Draft/NullEdge/PlueckerCausalCone.lean:108:0: `createL_apply` has the hypothesis:
  • [Fintype ι] (#2)
which is not used in the remainder of the type.

Consider replacing this hypothesis with the corresponding instance of `Finite` and using `Fintype.ofFinite` in the proof, or removing it entirely.

Note: This linter can be disabled with `set_option linter.unusedFintypeInType false`
warning: PhysicsSM/Draft/NullEdge/PlueckerCausalCone.lean:111:0: `annihilateL_apply` has the hypothesis:
  • [Fintype ι] (#2)
which is not used in the remainder of the type.

Consider replacing this hypothesis with the corresponding instance of `Finite` and using `Fintype.ofFinite` in the proof, or removing it entirely.

Note: This linter can be disabled with `set_option linter.unusedFintypeInType false`
warning: PhysicsSM/Draft/NullEdge/PlueckerCausalCone.lean:148:0: `bForwardL_apply` has the hypothesis:
  • [Fintype ι] (#2)
which is not used in the remainder of the type.

Consider replacing this hypothesis with the corresponding instance of `Finite` and using `Fintype.ofFinite` in the proof, or removing it entirely.

Note: This linter can be disabled with `set_option linter.unusedFintypeInType false`
warning: PhysicsSM/Draft/NullEdge/PlueckerCausalCone.lean:152:0: `bBackwardL_apply` has the hypothesis:
  • [Fintype ι] (#2)
which is not used in the remainder of the type.

Consider replacing this hypothesis with the corresponding instance of `Finite` and using `Fintype.ofFinite` in the proof, or removing it entirely.

Note: This linter can be disabled with `set_option linter.unusedFintypeInType false`
warning: PhysicsSM/Draft/NullEdge/PlueckerCausalCone.lean:168:0: `createL_commute_bForwardL` has the hypothesis:
  • [Fintype ι] (#2)
which is not used in the remainder of the type.

Consider replacing this hypothesis with the corresponding instance of `Finite` and using `Fintype.ofFinite` in the proof, or removing it entirely.

Note: This linter can be disabled with `set_option linter.unusedFintypeInType false`
warning: PhysicsSM/Draft/NullEdge/PlueckerCausalCone.lean:184:0: `annihilateL_commute_bForwardL` has the hypothesis:
  • [Fintype ι] (#2)
which is not used in the remainder of the type.

Consider replacing this hypothesis with the corresponding instance of `Finite` and using `Fintype.ofFinite` in the proof, or removing it entirely.

Note: This linter can be disabled with `set_option linter.unusedFintypeInType false`
warning: PhysicsSM/Draft/NullEdge/PlueckerCausalCone.lean:200:0: `createL_commute_bBackwardL` has the hypothesis:
  • [Fintype ι] (#2)
which is not used in the remainder of the type.

Consider replacing this hypothesis with the corresponding instance of `Finite` and using `Fintype.ofFinite` in the proof, or removing it entirely.

Note: This linter can be disabled with `set_option linter.unusedFintypeInType false`
warning: PhysicsSM/Draft/NullEdge/PlueckerCausalCone.lean:216:0: `annihilateL_commute_bBackwardL` has the hypothesis:
  • [Fintype ι] (#2)
which is not used in the remainder of the type.

Consider replacing this hypothesis with the corresponding instance of `Finite` and using `Fintype.ofFinite` in the proof, or removing it entirely.

Note: This linter can be disabled with `set_option linter.unusedFintypeInType false`
warning: PhysicsSM/Draft/NullEdge/PlueckerCausalCone.lean:238:0: `CommuteOn.symm` has the hypothesis:
  • [Fintype ι] (#2)
which is not used in the remainder of the type.

Consider replacing this hypothesis with the corresponding instance of `Finite` and using `Fintype.ofFinite` in the proof, or removing it entirely.

Note: This linter can be disabled with `set_option linter.unusedFintypeInType false`
warning: PhysicsSM/Draft/NullEdge/PlueckerCausalCone.lean:238:0: `CommuteOn.symm` has the hypothesis:
  • [DecidableEq ι] (#3)
which is not used in the remainder of the type.

Consider removing this hypothesis and using `classical` in the proof instead. For terms, consider using `open scoped Classical in` at the term level (not the command level).

Note: This linter can be disabled with `set_option linter.unusedDecidableInType false`
warning: PhysicsSM/Draft/NullEdge/PlueckerCausalCone.lean:241:0: `commuteOn_id` has the hypothesis:
  • [Fintype ι] (#2)
which is not used in the remainder of the type.

Consider replacing this hypothesis with the corresponding instance of `Finite` and using `Fintype.ofFinite` in the proof, or removing it entirely.

Note: This linter can be disabled with `set_option linter.unusedFintypeInType false`
warning: PhysicsSM/Draft/NullEdge/PlueckerCausalCone.lean:241:0: `commuteOn_id` has the hypothesis:
  • [DecidableEq ι] (#3)
which is not used in the remainder of the type.

Consider removing this hypothesis and using `classical` in the proof instead. For terms, consider using `open scoped Classical in` at the term level (not the command level).

Note: This linter can be disabled with `set_option linter.unusedDecidableInType false`
warning: PhysicsSM/Draft/NullEdge/PlueckerCausalCone.lean:244:0: `CommuteOn.comp` has the hypothesis:
  • [Fintype ι] (#2)
which is not used in the remainder of the type.

Consider replacing this hypothesis with the corresponding instance of `Finite` and using `Fintype.ofFinite` in the proof, or removing it entirely.

Note: This linter can be disabled with `set_option linter.unusedFintypeInType false`
warning: PhysicsSM/Draft/NullEdge/PlueckerCausalCone.lean:244:0: `CommuteOn.comp` has the hypothesis:
  • [DecidableEq ι] (#3)
which is not used in the remainder of the type.

Consider removing this hypothesis and using `classical` in the proof instead. For terms, consider using `open scoped Classical in` at the term level (not the command level).

Note: This linter can be disabled with `set_option linter.unusedDecidableInType false`
warning: PhysicsSM/Draft/NullEdge/PlueckerCausalCone.lean:250:0: `CommuteOn.add` has the hypothesis:
  • [Fintype ι] (#2)
which is not used in the remainder of the type.

Consider replacing this hypothesis with the corresponding instance of `Finite` and using `Fintype.ofFinite` in the proof, or removing it entirely.

Note: This linter can be disabled with `set_option linter.unusedFintypeInType false`
warning: PhysicsSM/Draft/NullEdge/PlueckerCausalCone.lean:250:0: `CommuteOn.add` has the hypothesis:
  • [DecidableEq ι] (#3)
which is not used in the remainder of the type.

Consider removing this hypothesis and using `classical` in the proof instead. For terms, consider using `open scoped Classical in` at the term level (not the command level).

Note: This linter can be disabled with `set_option linter.unusedDecidableInType false`
warning: PhysicsSM/Draft/NullEdge/PlueckerCausalCone.lean:256:0: `CommuteOn.sub` has the hypothesis:
  • [Fintype ι] (#2)
which is not used in the remainder of the type.

Consider replacing this hypothesis with the corresponding instance of `Finite` and using `Fintype.ofFinite` in the proof, or removing it entirely.

Note: This linter can be disabled with `set_option linter.unusedFintypeInType false`
warning: PhysicsSM/Draft/NullEdge/PlueckerCausalCone.lean:256:0: `CommuteOn.sub` has the hypothesis:
  • [DecidableEq ι] (#3)
which is not used in the remainder of the type.

Consider removing this hypothesis and using `classical` in the proof instead. For terms, consider using `open scoped Classical in` at the term level (not the command level).

Note: This linter can be disabled with `set_option linter.unusedDecidableInType false`
warning: PhysicsSM/Draft/NullEdge/PlueckerCausalCone.lean:262:0: `CommuteOn.smul` has the hypothesis:
  • [Fintype ι] (#2)
which is not used in the remainder of the type.

Consider replacing this hypothesis with the corresponding instance of `Finite` and using `Fintype.ofFinite` in the proof, or removing it entirely.

Note: This linter can be disabled with `set_option linter.unusedFintypeInType false`
warning: PhysicsSM/Draft/NullEdge/PlueckerCausalCone.lean:262:0: `CommuteOn.smul` has the hypothesis:
  • [DecidableEq ι] (#3)
which is not used in the remainder of the type.

Consider removing this hypothesis and using `classical` in the proof instead. For terms, consider using `open scoped Classical in` at the term level (not the command level).

Note: This linter can be disabled with `set_option linter.unusedDecidableInType false`
warning: PhysicsSM/Draft/NullEdge/PlueckerCausalCone.lean:270:0: `createL_commute_bQuarticL` has the hypothesis:
  • [Fintype ι] (#2)
which is not used in the remainder of the type.

Consider replacing this hypothesis with the corresponding instance of `Finite` and using `Fintype.ofFinite` in the proof, or removing it entirely.

Note: This linter can be disabled with `set_option linter.unusedFintypeInType false`
warning: PhysicsSM/Draft/NullEdge/PlueckerCausalCone.lean:276:0: `annihilateL_commute_bQuarticL` has the hypothesis:
  • [Fintype ι] (#2)
which is not used in the remainder of the type.

Consider replacing this hypothesis with the corresponding instance of `Finite` and using `Fintype.ofFinite` in the proof, or removing it entirely.

Note: This linter can be disabled with `set_option linter.unusedFintypeInType false`
warning: PhysicsSM/Draft/NullEdge/PlueckerCausalCone.lean:282:0: `createL_commute_bKickL` has the hypothesis:
  • [Fintype ι] (#2)
which is not used in the remainder of the type.

Consider replacing this hypothesis with the corresponding instance of `Finite` and using `Fintype.ofFinite` in the proof, or removing it entirely.

Note: This linter can be disabled with `set_option linter.unusedFintypeInType false`
warning: PhysicsSM/Draft/NullEdge/PlueckerCausalCone.lean:287:0: `annihilateL_commute_bKickL` has the hypothesis:
  • [Fintype ι] (#2)
which is not used in the remainder of the type.

Consider replacing this hypothesis with the corresponding instance of `Finite` and using `Fintype.ofFinite` in the proof, or removing it entirely.

Note: This linter can be disabled with `set_option linter.unusedFintypeInType false`
warning: PhysicsSM/Draft/NullEdge/PlueckerCausalCone.lean:292:0: `generator_commute_bKickL` has the hypothesis:
  • [Fintype ι] (#2)
which is not used in the remainder of the type.

Consider replacing this hypothesis with the corresponding instance of `Finite` and using `Fintype.ofFinite` in the proof, or removing it entirely.

Note: This linter can be disabled with `set_option linter.unusedFintypeInType false`
warning: PhysicsSM/Draft/NullEdge/PlueckerCausalCone.lean:302:0: `bKickL_commute_disjoint` has the hypothesis:
  • [Fintype ι] (#2)
which is not used in the remainder of the type.

Consider replacing this hypothesis with the corresponding instance of `Finite` and using `Fintype.ofFinite` in the proof, or removing it entirely.

Note: This linter can be disabled with `set_option linter.unusedFintypeInType false`
warning: PhysicsSM/Draft/NullEdge/PlueckerCausalCone.lean:333:0: `FootprintIn.mono` has the hypothesis:
  • [Fintype ι] (#2)
which is not used in the remainder of the type.

Consider replacing this hypothesis with the corresponding instance of `Finite` and using `Fintype.ofFinite` in the proof, or removing it entirely.

Note: This linter can be disabled with `set_option linter.unusedFintypeInType false`
warning: PhysicsSM/Draft/NullEdge/PlueckerCausalCone.lean:344:0: `footprintIn_id` has the hypothesis:
  • [Fintype ι] (#2)
which is not used in the remainder of the type.

Consider replacing this hypothesis with the corresponding instance of `Finite` and using `Fintype.ofFinite` in the proof, or removing it entirely.

Note: This linter can be disabled with `set_option linter.unusedFintypeInType false`
warning: PhysicsSM/Draft/NullEdge/PlueckerCausalCone.lean:352:0: `footprintIn_createL` has the hypothesis:
  • [Fintype ι] (#2)
which is not used in the remainder of the type.

Consider replacing this hypothesis with the corresponding instance of `Finite` and using `Fintype.ofFinite` in the proof, or removing it entirely.

Note: This linter can be disabled with `set_option linter.unusedFintypeInType false`
warning: PhysicsSM/Draft/NullEdge/PlueckerCausalCone.lean:360:0: `footprintIn_annihilateL` has the hypothesis:
  • [Fintype ι] (#2)
which is not used in the remainder of the type.

Consider replacing this hypothesis with the corresponding instance of `Finite` and using `Fintype.ofFinite` in the proof, or removing it entirely.

Note: This linter can be disabled with `set_option linter.unusedFintypeInType false`
warning: PhysicsSM/Draft/NullEdge/PlueckerCausalCone.lean:371:0: `FootprintIn.add` has the hypothesis:
  • [Fintype ι] (#2)
which is not used in the remainder of the type.

Consider replacing this hypothesis with the corresponding instance of `Finite` and using `Fintype.ofFinite` in the proof, or removing it entirely.

Note: This linter can be disabled with `set_option linter.unusedFintypeInType false`
warning: PhysicsSM/Draft/NullEdge/PlueckerCausalCone.lean:379:0: `FootprintIn.sub` has the hypothesis:
  • [Fintype ι] (#2)
which is not used in the remainder of the type.

Consider replacing this hypothesis with the corresponding instance of `Finite` and using `Fintype.ofFinite` in the proof, or removing it entirely.

Note: This linter can be disabled with `set_option linter.unusedFintypeInType false`
warning: PhysicsSM/Draft/NullEdge/PlueckerCausalCone.lean:387:0: `FootprintIn.smul` has the hypothesis:
  • [Fintype ι] (#2)
which is not used in the remainder of the type.

Consider replacing this hypothesis with the corresponding instance of `Finite` and using `Fintype.ofFinite` in the proof, or removing it entirely.

Note: This linter can be disabled with `set_option linter.unusedFintypeInType false`
warning: PhysicsSM/Draft/NullEdge/PlueckerCausalCone.lean:408:0: `FootprintIn.comp` has the hypothesis:
  • [Fintype ι] (#2)
which is not used in the remainder of the type.

Consider replacing this hypothesis with the corresponding instance of `Finite` and using `Fintype.ofFinite` in the proof, or removing it entirely.

Note: This linter can be disabled with `set_option linter.unusedFintypeInType false`
warning: PhysicsSM/Draft/NullEdge/PlueckerCausalCone.lean:426:0: `block_generators_subset` has the hypothesis:
  • [Fintype ι] (#2)
which is not used in the remainder of the type.

Consider replacing this hypothesis with the corresponding instance of `Finite` and using `Fintype.ofFinite` in the proof, or removing it entirely.

Note: This linter can be disabled with `set_option linter.unusedFintypeInType false`
warning: PhysicsSM/Draft/NullEdge/PlueckerCausalCone.lean:437:0: `footprintIn_bForwardL` has the hypothesis:
  • [Fintype ι] (#2)
which is not used in the remainder of the type.

Consider replacing this hypothesis with the corresponding instance of `Finite` and using `Fintype.ofFinite` in the proof, or removing it entirely.

Note: This linter can be disabled with `set_option linter.unusedFintypeInType false`
warning: PhysicsSM/Draft/NullEdge/PlueckerCausalCone.lean:443:0: `footprintIn_bBackwardL` has the hypothesis:
  • [Fintype ι] (#2)
which is not used in the remainder of the type.

Consider replacing this hypothesis with the corresponding instance of `Finite` and using `Fintype.ofFinite` in the proof, or removing it entirely.

Note: This linter can be disabled with `set_option linter.unusedFintypeInType false`
warning: PhysicsSM/Draft/NullEdge/PlueckerCausalCone.lean:458:0: `footprintIn_bQuarticL` has the hypothesis:
  • [Fintype ι] (#2)
which is not used in the remainder of the type.

Consider replacing this hypothesis with the corresponding instance of `Finite` and using `Fintype.ofFinite` in the proof, or removing it entirely.

Note: This linter can be disabled with `set_option linter.unusedFintypeInType false`
warning: PhysicsSM/Draft/NullEdge/PlueckerCausalCone.lean:463:0: `bKickL_footprint` has the hypothesis:
  • [Fintype ι] (#2)
which is not used in the remainder of the type.

Consider replacing this hypothesis with the corresponding instance of `Finite` and using `Fintype.ofFinite` in the proof, or removing it entirely.

Note: This linter can be disabled with `set_option linter.unusedFintypeInType false`
warning: PhysicsSM/Draft/NullEdge/PlueckerCausalCone.lean:487:0: `heisenStep_footprint` has the hypothesis:
  • [Fintype ι] (#2)
which is not used in the remainder of the type.

Consider replacing this hypothesis with the corresponding instance of `Finite` and using `Fintype.ofFinite` in the proof, or removing it entirely.

Note: This linter can be disabled with `set_option linter.unusedFintypeInType false`
warning: PhysicsSM/Draft/NullEdge/PlueckerCausalCone.lean:500:0: `heisenFoldBlocks_footprint` has the hypothesis:
  • [Fintype ι] (#2)
which is not used in the remainder of the type.

Consider replacing this hypothesis with the corresponding instance of `Finite` and using `Fintype.ofFinite` in the proof, or removing it entirely.

Note: This linter can be disabled with `set_option linter.unusedFintypeInType false`
warning: PhysicsSM/Draft/NullEdge/PlueckerCausalCone.lean:523:0: `CARSupported.mono` has the hypothesis:
  • [Fintype ι] (#2)
which is not used in the remainder of the type.

Consider replacing this hypothesis with the corresponding instance of `Finite` and using `Fintype.ofFinite` in the proof, or removing it entirely.

Note: This linter can be disabled with `set_option linter.unusedFintypeInType false`
warning: PhysicsSM/Draft/NullEdge/PlueckerCausalCone.lean:530:6: unused variable `x`

Note: This linter can be disabled with `set_option linter.unusedVariables false`
warning: PhysicsSM/Draft/NullEdge/PlueckerCausalCone.lean:527:0: `bKickL_CARSupported` has the hypothesis:
  • [Fintype ι] (#2)
which is not used in the remainder of the type.

Consider replacing this hypothesis with the corresponding instance of `Finite` and using `Fintype.ofFinite` in the proof, or removing it entirely.

Note: This linter can be disabled with `set_option linter.unusedFintypeInType false`
warning: PhysicsSM/Draft/NullEdge/PlueckerCausalCone.lean:532:0: `heisenStep_CARSupported` has the hypothesis:
  • [Fintype ι] (#2)
which is not used in the remainder of the type.

Consider replacing this hypothesis with the corresponding instance of `Finite` and using `Fintype.ofFinite` in the proof, or removing it entirely.

Note: This linter can be disabled with `set_option linter.unusedFintypeInType false`
warning: PhysicsSM/Draft/NullEdge/PlueckerCausalCone.lean:544:0: `heisenFoldBlocks_CARSupported` has the hypothesis:
  • [Fintype ι] (#2)
which is not used in the remainder of the type.

Consider replacing this hypothesis with the corresponding instance of `Finite` and using `Fintype.ofFinite` in the proof, or removing it entirely.

Note: This linter can be disabled with `set_option linter.unusedFintypeInType false`
warning: PhysicsSM/Draft/NullEdge/PlueckerCausalCone.lean:564:0: `footprintIn_numberOp` has the hypothesis:
  • [Fintype ι] (#2)
which is not used in the remainder of the type.

Consider replacing this hypothesis with the corresponding instance of `Finite` and using `Fintype.ofFinite` in the proof, or removing it entirely.

Note: This linter can be disabled with `set_option linter.unusedFintypeInType false`
warning: PhysicsSM/Draft/NullEdge/PlueckerCausalCone.lean:585:0: `heisenStep_outside_cone` has the hypothesis:
  • [Fintype ι] (#2)
which is not used in the remainder of the type.

Consider replacing this hypothesis with the corresponding instance of `Finite` and using `Fintype.ofFinite` in the proof, or removing it entirely.

Note: This linter can be disabled with `set_option linter.unusedFintypeInType false`
warning: PhysicsSM/Draft/NullEdge/PlueckerCausalCone.lean:585:0: `heisenStep_outside_cone` has the hypothesis:
  • [DecidableEq ι] (#3)
which is not used in the remainder of the type.

Consider removing this hypothesis and using `classical` in the proof instead. For terms, consider using `open scoped Classical in` at the term level (not the command level).

Note: This linter can be disabled with `set_option linter.unusedDecidableInType false`
warning: PhysicsSM/Draft/NullEdge/PlueckerCausalCone.lean:611:0: `bForwardL_sq` has the hypothesis:
  • [Fintype ι] (#2)
which is not used in the remainder of the type.

Consider replacing this hypothesis with the corresponding instance of `Finite` and using `Fintype.ofFinite` in the proof, or removing it entirely.

Note: This linter can be disabled with `set_option linter.unusedFintypeInType false`
warning: PhysicsSM/Draft/NullEdge/PlueckerCausalCone.lean:619:0: `bBackwardL_sq` has the hypothesis:
  • [Fintype ι] (#2)
which is not used in the remainder of the type.

Consider replacing this hypothesis with the corresponding instance of `Finite` and using `Fintype.ofFinite` in the proof, or removing it entirely.

Note: This linter can be disabled with `set_option linter.unusedFintypeInType false`
warning: PhysicsSM/Draft/NullEdge/PlueckerCausalCone.lean:629:0: `bForwardL_bBackwardL_bForwardL` has the hypothesis:
  • [Fintype ι] (#2)
which is not used in the remainder of the type.

Consider replacing this hypothesis with the corresponding instance of `Finite` and using `Fintype.ofFinite` in the proof, or removing it entirely.

Note: This linter can be disabled with `set_option linter.unusedFintypeInType false`
warning: PhysicsSM/Draft/NullEdge/PlueckerCausalCone.lean:639:0: `bBackwardL_bForwardL_bBackwardL` has the hypothesis:
  • [Fintype ι] (#2)
which is not used in the remainder of the type.

Consider replacing this hypothesis with the corresponding instance of `Finite` and using `Fintype.ofFinite` in the proof, or removing it entirely.

Note: This linter can be disabled with `set_option linter.unusedFintypeInType false`
warning: PhysicsSM/Draft/NullEdge/PlueckerCausalCone.lean:653:0: `bQuarticL_cube` has the hypothesis:
  • [Fintype ι] (#2)
which is not used in the remainder of the type.

Consider replacing this hypothesis with the corresponding instance of `Finite` and using `Fintype.ofFinite` in the proof, or removing it entirely.

Note: This linter can be disabled with `set_option linter.unusedFintypeInType false`
warning: PhysicsSM/Draft/NullEdge/PlueckerCausalCone.lean:667:0: `bKickL_involutive` has the hypothesis:
  • [Fintype ι] (#2)
which is not used in the remainder of the type.

Consider replacing this hypothesis with the corresponding instance of `Finite` and using `Fintype.ofFinite` in the proof, or removing it entirely.

Note: This linter can be disabled with `set_option linter.unusedFintypeInType false`
⚠ [8102/8361] Replayed PhysicsSM.Draft.NullEdge.PlueckerGeometricCone
warning: PhysicsSM/Draft/NullEdge/PlueckerGeometricCone.lean:120:0: `commuteOn_bKickL_of_generators` has the hypothesis:
  • [Fintype ι] (#2)
which is not used in the remainder of the type.

Consider replacing this hypothesis with the corresponding instance of `Finite` and using `Fintype.ofFinite` in the proof, or removing it entirely.

Note: This linter can be disabled with `set_option linter.unusedFintypeInType false`
warning: PhysicsSM/Draft/NullEdge/PlueckerGeometricCone.lean:138:0: `commuteOn_bKickL_of_disjoint` has the hypothesis:
  • [Fintype ι] (#2)
which is not used in the remainder of the type.

Consider replacing this hypothesis with the corresponding instance of `Finite` and using `Fintype.ofFinite` in the proof, or removing it entirely.

Note: This linter can be disabled with `set_option linter.unusedFintypeInType false`
warning: PhysicsSM/Draft/NullEdge/PlueckerGeometricCone.lean:194:0: `heisenFoldBlocks_reachCone` has the hypothesis:
  • [Fintype ι] (#2)
which is not used in the remainder of the type.

Consider replacing this hypothesis with the corresponding instance of `Finite` and using `Fintype.ofFinite` in the proof, or removing it entirely.

Note: This linter can be disabled with `set_option linter.unusedFintypeInType false`
warning: PhysicsSM/Draft/NullEdge/PlueckerGeometricCone.lean:229:0: `heisenFoldBlocks_geometric_cone` has the hypothesis:
  • [Fintype ι] (#2)
which is not used in the remainder of the type.

Consider replacing this hypothesis with the corresponding instance of `Finite` and using `Fintype.ofFinite` in the proof, or removing it entirely.

Note: This linter can be disabled with `set_option linter.unusedFintypeInType false`
warning: PhysicsSM/Draft/NullEdge/PlueckerGeometricCone.lean:249:0: `bKickL_comp_self` has the hypothesis:
  • [Fintype ι] (#2)
which is not used in the remainder of the type.

Consider replacing this hypothesis with the corresponding instance of `Finite` and using `Fintype.ofFinite` in the proof, or removing it entirely.

Note: This linter can be disabled with `set_option linter.unusedFintypeInType false`
warning: PhysicsSM/Draft/NullEdge/PlueckerGeometricCone.lean:269:0: `heisenFoldBlocks_isConj` has the hypothesis:
  • [Fintype ι] (#2)
which is not used in the remainder of the type.

Consider replacing this hypothesis with the corresponding instance of `Finite` and using `Fintype.ofFinite` in the proof, or removing it entirely.

Note: This linter can be disabled with `set_option linter.unusedFintypeInType false`
⚠ [8103/8361] Replayed PhysicsSM.Draft.NullEdge.PlueckerLayerCone
warning: PhysicsSM/Draft/NullEdge/PlueckerLayerCone.lean:28:0: `disjoint_coneRegion_of_disjoint_blocks` has the hypothesis:
  • [Fintype ι] (#2)
which is not used in the remainder of the type.

Consider replacing this hypothesis with the corresponding instance of `Finite` and using `Fintype.ofFinite` in the proof, or removing it entirely.

Note: This linter can be disabled with `set_option linter.unusedFintypeInType false`
warning: PhysicsSM/Draft/NullEdge/PlueckerLayerCone.lean:43:0: `reachCone_subset_ballStep_of_layerDisjoint` has the hypothesis:
  • [Fintype ι] (#2)
which is not used in the remainder of the type.

Consider replacing this hypothesis with the corresponding instance of `Finite` and using `Fintype.ofFinite` in the proof, or removing it entirely.

Note: This linter can be disabled with `set_option linter.unusedFintypeInType false`
warning: PhysicsSM/Draft/NullEdge/PlueckerLayerCone.lean:75:0: `heisenLayer_geometric_cone` has the hypothesis:
  • [Fintype ι] (#2)
which is not used in the remainder of the type.

Consider replacing this hypothesis with the corresponding instance of `Finite` and using `Fintype.ofFinite` in the proof, or removing it entirely.

Note: This linter can be disabled with `set_option linter.unusedFintypeInType false`
warning: PhysicsSM/Draft/NullEdge/PlueckerLayerCone.lean:89:0: `heisenLayers_geometric_cone` has the hypothesis:
  • [Fintype ι] (#2)
which is not used in the remainder of the type.

Consider replacing this hypothesis with the corresponding instance of `Finite` and using `Fintype.ofFinite` in the proof, or removing it entirely.

Note: This linter can be disabled with `set_option linter.unusedFintypeInType false`
⚠ [8104/8361] Replayed PhysicsSM.Draft.NullEdge.CARAnnihilationLocality
warning: PhysicsSM/Draft/NullEdge/CARAnnihilationLocality.lean:40:55: unused variable `hi`

Note: This linter can be disabled with `set_option linter.unusedVariables false`
warning: PhysicsSM/Draft/NullEdge/CARAnnihilationLocality.lean:40:0: `belowCount_insert_self` has the hypothesis:
  • [Fintype ι] (#2)
which is not used in the remainder of the type.

Consider replacing this hypothesis with the corresponding instance of `Finite` and using `Fintype.ofFinite` in the proof, or removing it entirely.

Note: This linter can be disabled with `set_option linter.unusedFintypeInType false`
warning: PhysicsSM/Draft/NullEdge/CARAnnihilationLocality.lean:45:0: `opSign_insert_self` has the hypothesis:
  • [Fintype ι] (#2)
which is not used in the remainder of the type.

Consider replacing this hypothesis with the corresponding instance of `Finite` and using `Fintype.ofFinite` in the proof, or removing it entirely.

Note: This linter can be disabled with `set_option linter.unusedFintypeInType false`
warning: PhysicsSM/Draft/NullEdge/CARAnnihilationLocality.lean:106:0: `fockInner_comm` has the hypothesis:
  • [DecidableEq ι] (#4)
which is not used in the remainder of the type.

Consider removing this hypothesis and using `classical` in the proof instead. For terms, consider using `open scoped Classical in` at the term level (not the command level).

Note: This linter can be disabled with `set_option linter.unusedDecidableInType false`
warning: PhysicsSM/Draft/NullEdge/CARAnnihilationLocality.lean:111:0: `fockInner_sum_right` has the hypothesis:
  • [DecidableEq ι] (#4)
which is not used in the remainder of the type.

Consider removing this hypothesis and using `classical` in the proof instead. For terms, consider using `open scoped Classical in` at the term level (not the command level).

Note: This linter can be disabled with `set_option linter.unusedDecidableInType false`
warning: PhysicsSM/Draft/NullEdge/CARAnnihilationLocality.lean:117:0: `fock_ext_inner` has the hypothesis:
  • [DecidableEq ι] (#4)
which is not used in the remainder of the type.

Consider removing this hypothesis and using `classical` in the proof instead. For terms, consider using `open scoped Classical in` at the term level (not the command level).

Note: This linter can be disabled with `set_option linter.unusedDecidableInType false`
warning: PhysicsSM/Draft/NullEdge/CARAnnihilationLocality.lean:123:0: `fockInner_smul_right` has the hypothesis:
  • [DecidableEq ι] (#4)
which is not used in the remainder of the type.

Consider removing this hypothesis and using `classical` in the proof instead. For terms, consider using `open scoped Classical in` at the term level (not the command level).

Note: This linter can be disabled with `set_option linter.unusedDecidableInType false`
warning: PhysicsSM/Draft/NullEdge/CARAnnihilationLocality.lean:127:0: `fockInner_smul_left` has the hypothesis:
  • [DecidableEq ι] (#4)
which is not used in the remainder of the type.

Consider removing this hypothesis and using `classical` in the proof instead. For terms, consider using `open scoped Classical in` at the term level (not the command level).

Note: This linter can be disabled with `set_option linter.unusedDecidableInType false`
warning: PhysicsSM/Draft/NullEdge/CARAnnihilationLocality.lean:133:0: `fockInner_sum_left` has the hypothesis:
  • [DecidableEq ι] (#4)
which is not used in the remainder of the type.

Consider removing this hypothesis and using `classical` in the proof instead. For terms, consider using `open scoped Classical in` at the term level (not the command level).

Note: This linter can be disabled with `set_option linter.unusedDecidableInType false`
warning: PhysicsSM/Draft/NullEdge/CARAnnihilationLocality.lean:142:0: `fockInner_Gamma_right` has the hypothesis:
  • [DecidableEq ι] (#4)
which is not used in the remainder of the type.

Consider removing this hypothesis and using `classical` in the proof instead. For terms, consider using `open scoped Classical in` at the term level (not the command level).

Note: This linter can be disabled with `set_option linter.unusedDecidableInType false`
⚠ [8115/8361] Replayed PhysicsSM.Draft.NullEdge.ChannelPhysicalCohomology
warning: PhysicsSM/Draft/NullEdge/ChannelPhysicalCohomology.lean:34:0: `nullHomotopic_imp_chainMap` has the hypothesis:
  • [DecidableEq I] (#5)
which is not used in the remainder of the type.

Consider removing this hypothesis and using `classical` in the proof instead. For terms, consider using `open scoped Classical in` at the term level (not the command level).

Note: This linter can be disabled with `set_option linter.unusedDecidableInType false`
warning: PhysicsSM/Draft/NullEdge/ChannelPhysicalCohomology.lean:45:0: `explicit_nullHomotopy` has the hypothesis:
  • [DecidableEq H] (#8)
which is not used in the remainder of the type.

Consider removing this hypothesis and using `classical` in the proof instead. For terms, consider using `open scoped Classical in` at the term level (not the command level).

Note: This linter can be disabled with `set_option linter.unusedDecidableInType false`
warning: PhysicsSM/Draft/NullEdge/ChannelPhysicalCohomology.lean:86:0: `physical_lift_induces` has the hypothesis:
  • [DecidableEq I] (#6)
which is not used in the remainder of the type.

Consider removing this hypothesis and using `classical` in the proof instead. For terms, consider using `open scoped Classical in` at the term level (not the command level).

Note: This linter can be disabled with `set_option linter.unusedDecidableInType false`
⚠ [8120/8361] Replayed PhysicsSM.Draft.NullEdge.Carrier.PhysicalHomotopyLocality
warning: PhysicsSM/Draft/NullEdge/Carrier/PhysicalHomotopyLocality.lean:72:0: `explicitHomotopy_local` has the hypothesis:
  • [DecidableEq I] (#4)
which is not used in the remainder of the type.

Consider removing this hypothesis and using `classical` in the proof instead. For terms, consider using `open scoped Classical in` at the term level (not the command level).

Note: This linter can be disabled with `set_option linter.unusedDecidableInType false`
warning: PhysicsSM/Draft/NullEdge/Carrier/PhysicalHomotopyLocality.lean:84:0: `exactCorrection_local` has the hypothesis:
  • [DecidableEq I] (#4)
which is not used in the remainder of the type.

Consider removing this hypothesis and using `classical` in the proof instead. For terms, consider using `open scoped Classical in` at the term level (not the command level).

Note: This linter can be disabled with `set_option linter.unusedDecidableInType false`
⚠ [8122/8361] Replayed PhysicsSM.Draft.NullEdge.Carrier.WardQuotientFactorization
warning: PhysicsSM/Draft/NullEdge/Carrier/WardQuotientFactorization.lean:114:4: Try `simp at h22` instead of `simpa using h22`

Note: This linter can be disabled with `set_option linter.unnecessarySimpa false`
ℹ [8128/8361] Replayed PhysicsSM.Draft.NullEdge.ChannelQuadraticInnerLift
info: PhysicsSM/Draft/NullEdge/ChannelQuadraticInnerLift.lean:56:2: Try this:
  [apply] ring_nf

  The `ring` tactic failed to close the goal. Use `ring_nf` to obtain a normal form.

  Note that `ring` works primarily in *commutative* rings. If you have a noncommutative ring, abelian group or module, consider using `noncomm_ring`, `abel` or `module` instead.
⚠ [8129/8361] Replayed PhysicsSM.Draft.NullEdge.ModeInvariantHalfWinding
warning: PhysicsSM/Draft/NullEdge/ModeInvariantHalfWinding.lean:330:42: Using `native_decide` is not allowed in mathlib: because it trusts the entire Lean compiler (not just the Lean kernel), it could quite possibly be used to prove false.

Note: This linter can be disabled with `set_option linter.style.nativeDecide false`
warning: PhysicsSM/Draft/NullEdge/ModeInvariantHalfWinding.lean:333:54: Using `native_decide` is not allowed in mathlib: because it trusts the entire Lean compiler (not just the Lean kernel), it could quite possibly be used to prove false.

Note: This linter can be disabled with `set_option linter.style.nativeDecide false`
warning: PhysicsSM/Draft/NullEdge/ModeInvariantHalfWinding.lean:336:42: Using `native_decide` is not allowed in mathlib: because it trusts the entire Lean compiler (not just the Lean kernel), it could quite possibly be used to prove false.

Note: This linter can be disabled with `set_option linter.style.nativeDecide false`
warning: PhysicsSM/Draft/NullEdge/ModeInvariantHalfWinding.lean:339:48: Using `native_decide` is not allowed in mathlib: because it trusts the entire Lean compiler (not just the Lean kernel), it could quite possibly be used to prove false.

Note: This linter can be disabled with `set_option linter.style.nativeDecide false`
warning: PhysicsSM/Draft/NullEdge/ModeInvariantHalfWinding.lean:342:37: Using `native_decide` is not allowed in mathlib: because it trusts the entire Lean compiler (not just the Lean kernel), it could quite possibly be used to prove false.

Note: This linter can be disabled with `set_option linter.style.nativeDecide false`
warning: PhysicsSM/Draft/NullEdge/ModeInvariantHalfWinding.lean:343:42: Using `native_decide` is not allowed in mathlib: because it trusts the entire Lean compiler (not just the Lean kernel), it could quite possibly be used to prove false.

Note: This linter can be disabled with `set_option linter.style.nativeDecide false`
warning: PhysicsSM/Draft/NullEdge/ModeInvariantHalfWinding.lean:346:42: Using `native_decide` is not allowed in mathlib: because it trusts the entire Lean compiler (not just the Lean kernel), it could quite possibly be used to prove false.

Note: This linter can be disabled with `set_option linter.style.nativeDecide false`
warning: PhysicsSM/Draft/NullEdge/ModeInvariantHalfWinding.lean:350:49: Using `native_decide` is not allowed in mathlib: because it trusts the entire Lean compiler (not just the Lean kernel), it could quite possibly be used to prove false.

Note: This linter can be disabled with `set_option linter.style.nativeDecide false`
warning: PhysicsSM/Draft/NullEdge/ModeInvariantHalfWinding.lean:351:54: Using `native_decide` is not allowed in mathlib: because it trusts the entire Lean compiler (not just the Lean kernel), it could quite possibly be used to prove false.

Note: This linter can be disabled with `set_option linter.style.nativeDecide false`
warning: PhysicsSM/Draft/NullEdge/ModeInvariantHalfWinding.lean:352:54: Using `native_decide` is not allowed in mathlib: because it trusts the entire Lean compiler (not just the Lean kernel), it could quite possibly be used to prove false.

Note: This linter can be disabled with `set_option linter.style.nativeDecide false`
warning: PhysicsSM/Draft/NullEdge/ModeInvariantHalfWinding.lean:358:55: Using `native_decide` is not allowed in mathlib: because it trusts the entire Lean compiler (not just the Lean kernel), it could quite possibly be used to prove false.

Note: This linter can be disabled with `set_option linter.style.nativeDecide false`
warning: PhysicsSM/Draft/NullEdge/ModeInvariantHalfWinding.lean:359:54: Using `native_decide` is not allowed in mathlib: because it trusts the entire Lean compiler (not just the Lean kernel), it could quite possibly be used to prove false.

Note: This linter can be disabled with `set_option linter.style.nativeDecide false`
warning: PhysicsSM/Draft/NullEdge/ModeInvariantHalfWinding.lean:360:54: Using `native_decide` is not allowed in mathlib: because it trusts the entire Lean compiler (not just the Lean kernel), it could quite possibly be used to prove false.

Note: This linter can be disabled with `set_option linter.style.nativeDecide false`
warning: PhysicsSM/Draft/NullEdge/ModeInvariantHalfWinding.lean:403:52: Using `native_decide` is not allowed in mathlib: because it trusts the entire Lean compiler (not just the Lean kernel), it could quite possibly be used to prove false.

Note: This linter can be disabled with `set_option linter.style.nativeDecide false`
⚠ [8130/8361] Replayed PhysicsSM.Draft.NullEdge.HalfWindingFieldPositionClassification
info: PhysicsSM/Draft/NullEdge/HalfWindingFieldPositionClassification.lean:72:2: Try this:
  [apply] ring_nf

  The `ring` tactic failed to close the goal. Use `ring_nf` to obtain a normal form.

  Note that `ring` works primarily in *commutative* rings. If you have a noncommutative ring, abelian group or module, consider using `noncomm_ring`, `abel` or `module` instead.
info: PhysicsSM/Draft/NullEdge/HalfWindingFieldPositionClassification.lean:76:2: Try this:
  [apply] ring_nf

  The `ring` tactic failed to close the goal. Use `ring_nf` to obtain a normal form.

  Note that `ring` works primarily in *commutative* rings. If you have a noncommutative ring, abelian group or module, consider using `noncomm_ring`, `abel` or `module` instead.
info: PhysicsSM/Draft/NullEdge/HalfWindingFieldPositionClassification.lean:78:2: Try this:
  [apply] ring_nf

  The `ring` tactic failed to close the goal. Use `ring_nf` to obtain a normal form.

  Note that `ring` works primarily in *commutative* rings. If you have a noncommutative ring, abelian group or module, consider using `noncomm_ring`, `abel` or `module` instead.
info: PhysicsSM/Draft/NullEdge/HalfWindingFieldPositionClassification.lean:91:2: Try this:
  [apply] ring_nf

  The `ring` tactic failed to close the goal. Use `ring_nf` to obtain a normal form.

  Note that `ring` works primarily in *commutative* rings. If you have a noncommutative ring, abelian group or module, consider using `noncomm_ring`, `abel` or `module` instead.
warning: PhysicsSM/Draft/NullEdge/HalfWindingFieldPositionClassification.lean:106:2: Using `native_decide` is not allowed in mathlib: because it trusts the entire Lean compiler (not just the Lean kernel), it could quite possibly be used to prove false.

Note: This linter can be disabled with `set_option linter.style.nativeDecide false`
warning: PhysicsSM/Draft/NullEdge/HalfWindingFieldPositionClassification.lean:117:2: Using `native_decide` is not allowed in mathlib: because it trusts the entire Lean compiler (not just the Lean kernel), it could quite possibly be used to prove false.

Note: This linter can be disabled with `set_option linter.style.nativeDecide false`
warning: PhysicsSM/Draft/NullEdge/HalfWindingFieldPositionClassification.lean:128:2: Using `native_decide` is not allowed in mathlib: because it trusts the entire Lean compiler (not just the Lean kernel), it could quite possibly be used to prove false.

Note: This linter can be disabled with `set_option linter.style.nativeDecide false`
warning: PhysicsSM/Draft/NullEdge/HalfWindingFieldPositionClassification.lean:136:2: Using `native_decide` is not allowed in mathlib: because it trusts the entire Lean compiler (not just the Lean kernel), it could quite possibly be used to prove false.

Note: This linter can be disabled with `set_option linter.style.nativeDecide false`
warning: PhysicsSM/Draft/NullEdge/HalfWindingFieldPositionClassification.lean:139:2: Using `native_decide` is not allowed in mathlib: because it trusts the entire Lean compiler (not just the Lean kernel), it could quite possibly be used to prove false.

Note: This linter can be disabled with `set_option linter.style.nativeDecide false`
warning: PhysicsSM/Draft/NullEdge/HalfWindingFieldPositionClassification.lean:143:2: Using `native_decide` is not allowed in mathlib: because it trusts the entire Lean compiler (not just the Lean kernel), it could quite possibly be used to prove false.

Note: This linter can be disabled with `set_option linter.style.nativeDecide false`
warning: PhysicsSM/Draft/NullEdge/HalfWindingFieldPositionClassification.lean:147:2: Using `native_decide` is not allowed in mathlib: because it trusts the entire Lean compiler (not just the Lean kernel), it could quite possibly be used to prove false.

Note: This linter can be disabled with `set_option linter.style.nativeDecide false`
warning: PhysicsSM/Draft/NullEdge/HalfWindingFieldPositionClassification.lean:153:37: Using `native_decide` is not allowed in mathlib: because it trusts the entire Lean compiler (not just the Lean kernel), it could quite possibly be used to prove false.

Note: This linter can be disabled with `set_option linter.style.nativeDecide false`
⚠ [8135/8361] Replayed PhysicsSM.Draft.NullEdge.ChiralFlipMode
warning: PhysicsSM/Draft/NullEdge/ChiralFlipMode.lean:205:5: unused variable `hU`

Note: This linter can be disabled with `set_option linter.unusedVariables false`
⚠ [8136/8361] Replayed PhysicsSM.Draft.NullEdge.SignWallDefectRouteB
info: PhysicsSM/Draft/NullEdge/SignWallDefectRouteB.lean:141:22: Try this:
  [apply] ring_nf

  The `ring` tactic failed to close the goal. Use `ring_nf` to obtain a normal form.

  Note that `ring` works primarily in *commutative* rings. If you have a noncommutative ring, abelian group or module, consider using `noncomm_ring`, `abel` or `module` instead.
info: PhysicsSM/Draft/NullEdge/SignWallDefectRouteB.lean:145:100: Try this:
  [apply] ring_nf

  The `ring` tactic failed to close the goal. Use `ring_nf` to obtain a normal form.

  Note that `ring` works primarily in *commutative* rings. If you have a noncommutative ring, abelian group or module, consider using `noncomm_ring`, `abel` or `module` instead.
warning: PhysicsSM/Draft/NullEdge/SignWallDefectRouteB.lean:253:2: Using `native_decide` is not allowed in mathlib: because it trusts the entire Lean compiler (not just the Lean kernel), it could quite possibly be used to prove false.

Note: This linter can be disabled with `set_option linter.style.nativeDecide false`
warning: PhysicsSM/Draft/NullEdge/SignWallDefectRouteB.lean:257:2: Using `native_decide` is not allowed in mathlib: because it trusts the entire Lean compiler (not just the Lean kernel), it could quite possibly be used to prove false.

Note: This linter can be disabled with `set_option linter.style.nativeDecide false`
warning: PhysicsSM/Draft/NullEdge/SignWallDefectRouteB.lean:262:2: Using `native_decide` is not allowed in mathlib: because it trusts the entire Lean compiler (not just the Lean kernel), it could quite possibly be used to prove false.

Note: This linter can be disabled with `set_option linter.style.nativeDecide false`
info: PhysicsSM/Draft/NullEdge/SignWallDefectRouteB.lean:275:242: Try this:
  [apply] ring_nf

  The `ring` tactic failed to close the goal. Use `ring_nf` to obtain a normal form.

  Note that `ring` works primarily in *commutative* rings. If you have a noncommutative ring, abelian group or module, consider using `noncomm_ring`, `abel` or `module` instead.
warning: PhysicsSM/Draft/NullEdge/SignWallDefectRouteB.lean:275:224: Using `native_decide` is not allowed in mathlib: because it trusts the entire Lean compiler (not just the Lean kernel), it could quite possibly be used to prove false.

Note: This linter can be disabled with `set_option linter.style.nativeDecide false`
warning: PhysicsSM/Draft/NullEdge/SignWallDefectRouteB.lean:276:261: Using `native_decide` is not allowed in mathlib: because it trusts the entire Lean compiler (not just the Lean kernel), it could quite possibly be used to prove false.

Note: This linter can be disabled with `set_option linter.style.nativeDecide false`
warning: PhysicsSM/Draft/NullEdge/SignWallDefectRouteB.lean:315:58: Using `native_decide` is not allowed in mathlib: because it trusts the entire Lean compiler (not just the Lean kernel), it could quite possibly be used to prove false.

Note: This linter can be disabled with `set_option linter.style.nativeDecide false`
warning: PhysicsSM/Draft/NullEdge/SignWallDefectRouteB.lean:318:55: Using `native_decide` is not allowed in mathlib: because it trusts the entire Lean compiler (not just the Lean kernel), it could quite possibly be used to prove false.

Note: This linter can be disabled with `set_option linter.style.nativeDecide false`
warning: PhysicsSM/Draft/NullEdge/SignWallDefectRouteB.lean:321:50: Using `native_decide` is not allowed in mathlib: because it trusts the entire Lean compiler (not just the Lean kernel), it could quite possibly be used to prove false.

Note: This linter can be disabled with `set_option linter.style.nativeDecide false`
warning: PhysicsSM/Draft/NullEdge/SignWallDefectRouteB.lean:335:4: Using `native_decide` is not allowed in mathlib: because it trusts the entire Lean compiler (not just the Lean kernel), it could quite possibly be used to prove false.

Note: This linter can be disabled with `set_option linter.style.nativeDecide false`
warning: PhysicsSM/Draft/NullEdge/SignWallDefectRouteB.lean:336:4: Using `native_decide` is not allowed in mathlib: because it trusts the entire Lean compiler (not just the Lean kernel), it could quite possibly be used to prove false.

Note: This linter can be disabled with `set_option linter.style.nativeDecide false`
warning: PhysicsSM/Draft/NullEdge/SignWallDefectRouteB.lean:342:4: Using `native_decide` is not allowed in mathlib: because it trusts the entire Lean compiler (not just the Lean kernel), it could quite possibly be used to prove false.

Note: This linter can be disabled with `set_option linter.style.nativeDecide false`
warning: PhysicsSM/Draft/NullEdge/SignWallDefectRouteB.lean:343:4: Using `native_decide` is not allowed in mathlib: because it trusts the entire Lean compiler (not just the Lean kernel), it could quite possibly be used to prove false.

Note: This linter can be disabled with `set_option linter.style.nativeDecide false`
warning: PhysicsSM/Draft/NullEdge/SignWallDefectRouteB.lean:349:2: Using `native_decide` is not allowed in mathlib: because it trusts the entire Lean compiler (not just the Lean kernel), it could quite possibly be used to prove false.

Note: This linter can be disabled with `set_option linter.style.nativeDecide false`
⚠ [8137/8361] Replayed PhysicsSM.Draft.NullEdge.HalfWindingFullWalkControls
warning: PhysicsSM/Draft/NullEdge/HalfWindingFullWalkControls.lean:62:46: Using `native_decide` is not allowed in mathlib: because it trusts the entire Lean compiler (not just the Lean kernel), it could quite possibly be used to prove false.

Note: This linter can be disabled with `set_option linter.style.nativeDecide false`
warning: PhysicsSM/Draft/NullEdge/HalfWindingFullWalkControls.lean:63:46: Using `native_decide` is not allowed in mathlib: because it trusts the entire Lean compiler (not just the Lean kernel), it could quite possibly be used to prove false.

Note: This linter can be disabled with `set_option linter.style.nativeDecide false`
warning: PhysicsSM/Draft/NullEdge/HalfWindingFullWalkControls.lean:67:55: Using `native_decide` is not allowed in mathlib: because it trusts the entire Lean compiler (not just the Lean kernel), it could quite possibly be used to prove false.

Note: This linter can be disabled with `set_option linter.style.nativeDecide false`
warning: PhysicsSM/Draft/NullEdge/HalfWindingFullWalkControls.lean:71:55: Using `native_decide` is not allowed in mathlib: because it trusts the entire Lean compiler (not just the Lean kernel), it could quite possibly be used to prove false.

Note: This linter can be disabled with `set_option linter.style.nativeDecide false`
warning: PhysicsSM/Draft/NullEdge/HalfWindingFullWalkControls.lean:116:2: Using `native_decide` is not allowed in mathlib: because it trusts the entire Lean compiler (not just the Lean kernel), it could quite possibly be used to prove false.

Note: This linter can be disabled with `set_option linter.style.nativeDecide false`
warning: PhysicsSM/Draft/NullEdge/HalfWindingFullWalkControls.lean:121:2: Using `native_decide` is not allowed in mathlib: because it trusts the entire Lean compiler (not just the Lean kernel), it could quite possibly be used to prove false.

Note: This linter can be disabled with `set_option linter.style.nativeDecide false`
warning: PhysicsSM/Draft/NullEdge/HalfWindingFullWalkControls.lean:126:2: Using `native_decide` is not allowed in mathlib: because it trusts the entire Lean compiler (not just the Lean kernel), it could quite possibly be used to prove false.

Note: This linter can be disabled with `set_option linter.style.nativeDecide false`
warning: PhysicsSM/Draft/NullEdge/HalfWindingFullWalkControls.lean:131:2: Using `native_decide` is not allowed in mathlib: because it trusts the entire Lean compiler (not just the Lean kernel), it could quite possibly be used to prove false.

Note: This linter can be disabled with `set_option linter.style.nativeDecide false`
ℹ [8148/8361] Replayed PhysicsSM.Draft.NullEdge.LiveDFTComposition
info: PhysicsSM/Draft/NullEdge/LiveDFTComposition.lean:109:4: Try this:
  [apply] ring_nf

  The `ring` tactic failed to close the goal. Use `ring_nf` to obtain a normal form.

  Note that `ring` works primarily in *commutative* rings. If you have a noncommutative ring, abelian group or module, consider using `noncomm_ring`, `abel` or `module` instead.
info: PhysicsSM/Draft/NullEdge/LiveDFTComposition.lean:109:4: Try this:
  [apply] ring_nf

  The `ring` tactic failed to close the goal. Use `ring_nf` to obtain a normal form.

  Note that `ring` works primarily in *commutative* rings. If you have a noncommutative ring, abelian group or module, consider using `noncomm_ring`, `abel` or `module` instead.
info: PhysicsSM/Draft/NullEdge/LiveDFTComposition.lean:141:6: Try this:
  [apply] ring_nf

  The `ring` tactic failed to close the goal. Use `ring_nf` to obtain a normal form.

  Note that `ring` works primarily in *commutative* rings. If you have a noncommutative ring, abelian group or module, consider using `noncomm_ring`, `abel` or `module` instead.
info: PhysicsSM/Draft/NullEdge/LiveDFTComposition.lean:145:6: Try this:
  [apply] ring_nf

  The `ring` tactic failed to close the goal. Use `ring_nf` to obtain a normal form.

  Note that `ring` works primarily in *commutative* rings. If you have a noncommutative ring, abelian group or module, consider using `noncomm_ring`, `abel` or `module` instead.
info: PhysicsSM/Draft/NullEdge/LiveDFTComposition.lean:218:52: Try this:
  [apply] ring_nf

  The `ring` tactic failed to close the goal. Use `ring_nf` to obtain a normal form.

  Note that `ring` works primarily in *commutative* rings. If you have a noncommutative ring, abelian group or module, consider using `noncomm_ring`, `abel` or `module` instead.
info: PhysicsSM/Draft/NullEdge/LiveDFTComposition.lean:218:52: Try this:
  [apply] ring_nf

  The `ring` tactic failed to close the goal. Use `ring_nf` to obtain a normal form.

  Note that `ring` works primarily in *commutative* rings. If you have a noncommutative ring, abelian group or module, consider using `noncomm_ring`, `abel` or `module` instead.
⚠ [8151/8361] Replayed PhysicsSM.Draft.NullEdge.PinnedMirrorChart
warning: PhysicsSM/Draft/NullEdge/PinnedMirrorChart.lean:64:46: Using `native_decide` is not allowed in mathlib: because it trusts the entire Lean compiler (not just the Lean kernel), it could quite possibly be used to prove false.

Note: This linter can be disabled with `set_option linter.style.nativeDecide false`
warning: PhysicsSM/Draft/NullEdge/PinnedMirrorChart.lean:65:68: Using `native_decide` is not allowed in mathlib: because it trusts the entire Lean compiler (not just the Lean kernel), it could quite possibly be used to prove false.

Note: This linter can be disabled with `set_option linter.style.nativeDecide false`
warning: PhysicsSM/Draft/NullEdge/PinnedMirrorChart.lean:73:69: Using `native_decide` is not allowed in mathlib: because it trusts the entire Lean compiler (not just the Lean kernel), it could quite possibly be used to prove false.

Note: This linter can be disabled with `set_option linter.style.nativeDecide false`
warning: PhysicsSM/Draft/NullEdge/PinnedMirrorChart.lean:101:65: Using `native_decide` is not allowed in mathlib: because it trusts the entire Lean compiler (not just the Lean kernel), it could quite possibly be used to prove false.

Note: This linter can be disabled with `set_option linter.style.nativeDecide false`
warning: PhysicsSM/Draft/NullEdge/PinnedMirrorChart.lean:105:50: Using `native_decide` is not allowed in mathlib: because it trusts the entire Lean compiler (not just the Lean kernel), it could quite possibly be used to prove false.

Note: This linter can be disabled with `set_option linter.style.nativeDecide false`
warning: PhysicsSM/Draft/NullEdge/PinnedMirrorChart.lean:106:70: Using `native_decide` is not allowed in mathlib: because it trusts the entire Lean compiler (not just the Lean kernel), it could quite possibly be used to prove false.

Note: This linter can be disabled with `set_option linter.style.nativeDecide false`
warning: PhysicsSM/Draft/NullEdge/PinnedMirrorChart.lean:107:58: Using `native_decide` is not allowed in mathlib: because it trusts the entire Lean compiler (not just the Lean kernel), it could quite possibly be used to prove false.

Note: This linter can be disabled with `set_option linter.style.nativeDecide false`
warning: PhysicsSM/Draft/NullEdge/PinnedMirrorChart.lean:117:58: Using `native_decide` is not allowed in mathlib: because it trusts the entire Lean compiler (not just the Lean kernel), it could quite possibly be used to prove false.

Note: This linter can be disabled with `set_option linter.style.nativeDecide false`
warning: PhysicsSM/Draft/NullEdge/PinnedMirrorChart.lean:124:75: Using `native_decide` is not allowed in mathlib: because it trusts the entire Lean compiler (not just the Lean kernel), it could quite possibly be used to prove false.

Note: This linter can be disabled with `set_option linter.style.nativeDecide false`
warning: PhysicsSM/Draft/NullEdge/PinnedMirrorChart.lean:133:75: Using `native_decide` is not allowed in mathlib: because it trusts the entire Lean compiler (not just the Lean kernel), it could quite possibly be used to prove false.

Note: This linter can be disabled with `set_option linter.style.nativeDecide false`
warning: PhysicsSM/Draft/NullEdge/PinnedMirrorChart.lean:145:55: Using `native_decide` is not allowed in mathlib: because it trusts the entire Lean compiler (not just the Lean kernel), it could quite possibly be used to prove false.

Note: This linter can be disabled with `set_option linter.style.nativeDecide false`
warning: PhysicsSM/Draft/NullEdge/PinnedMirrorChart.lean:146:55: Using `native_decide` is not allowed in mathlib: because it trusts the entire Lean compiler (not just the Lean kernel), it could quite possibly be used to prove false.

Note: This linter can be disabled with `set_option linter.style.nativeDecide false`
warning: PhysicsSM/Draft/NullEdge/PinnedMirrorChart.lean:149:77: Using `native_decide` is not allowed in mathlib: because it trusts the entire Lean compiler (not just the Lean kernel), it could quite possibly be used to prove false.

Note: This linter can be disabled with `set_option linter.style.nativeDecide false`
warning: PhysicsSM/Draft/NullEdge/PinnedMirrorChart.lean:150:77: Using `native_decide` is not allowed in mathlib: because it trusts the entire Lean compiler (not just the Lean kernel), it could quite possibly be used to prove false.

Note: This linter can be disabled with `set_option linter.style.nativeDecide false`
warning: PhysicsSM/Draft/NullEdge/PinnedMirrorChart.lean:159:2: Using `native_decide` is not allowed in mathlib: because it trusts the entire Lean compiler (not just the Lean kernel), it could quite possibly be used to prove false.

Note: This linter can be disabled with `set_option linter.style.nativeDecide false`
⚠ [8152/8361] Replayed PhysicsSM.Draft.NullEdge.CensusMultiplicity
warning: PhysicsSM/Draft/NullEdge/CensusMultiplicity.lean:315:0: `le_rank_of_minor` has the hypothesis:
  • [Fintype ι] (#3)
which is not used in the remainder of the type.

Consider replacing this hypothesis with the corresponding instance of `Finite` and using `Fintype.ofFinite` in the proof, or removing it entirely.

Note: This linter can be disabled with `set_option linter.unusedFintypeInType false`
warning: PhysicsSM/Draft/NullEdge/CensusMultiplicity.lean:315:0: `le_rank_of_minor` has the hypotheses:
  • [DecidableEq ι] (#5)
  • [DecidableEq κ] (#6)
which are not used in the remainder of the type.

Consider removing these hypotheses and using `classical` in the proof instead. For terms, consider using `open scoped Classical in` at the term level (not the command level).

Note: This linter can be disabled with `set_option linter.unusedDecidableInType false`
⚠ [8155/8361] Replayed PhysicsSM.Draft.NullEdge.PairMomentumGRFacts
warning: PhysicsSM/Draft/NullEdge/PairMomentumGRFacts.lean:22:1155: Using `native_decide` is not allowed in mathlib: because it trusts the entire Lean compiler (not just the Lean kernel), it could quite possibly be used to prove false.

Note: This linter can be disabled with `set_option linter.style.nativeDecide false`
⚠ [8156/8361] Replayed PhysicsSM.Draft.NullEdge.PairMomentumGRDiag
warning: PhysicsSM/Draft/NullEdge/PairMomentumGRDiag.lean:93:50: Using `native_decide` is not allowed in mathlib: because it trusts the entire Lean compiler (not just the Lean kernel), it could quite possibly be used to prove false.

Note: This linter can be disabled with `set_option linter.style.nativeDecide false`
⚠ [8160/8361] Replayed PhysicsSM.Draft.NullEdge.FlowOneInstance
warning: PhysicsSM/Draft/NullEdge/FlowOneInstance.lean:56:12: please avoid 'open (scoped) Classical' statements: this can hide theorem statements which would be better stated with explicit decidability statements.
Instead, use `open Classical in` for definitions or instances, the `classical` tactic for proofs.
For theorem statements, either add missing decidability assumptions or use `open Classical in`.

Note: This linter can be disabled with `set_option linter.style.openClassical false`
ℹ [8162/8361] Replayed PhysicsSM.Draft.NullEdge.DynamicalMassCovariance
info: PhysicsSM/Draft/NullEdge/DynamicalMassCovariance.lean:157:99: Try this:
  [apply] ring_nf

  The `ring` tactic failed to close the goal. Use `ring_nf` to obtain a normal form.

  Note that `ring` works primarily in *commutative* rings. If you have a noncommutative ring, abelian group or module, consider using `noncomm_ring`, `abel` or `module` instead.
info: PhysicsSM/Draft/NullEdge/DynamicalMassCovariance.lean:157:99: Try this:
  [apply] ring_nf

  The `ring` tactic failed to close the goal. Use `ring_nf` to obtain a normal form.

  Note that `ring` works primarily in *commutative* rings. If you have a noncommutative ring, abelian group or module, consider using `noncomm_ring`, `abel` or `module` instead.
info: PhysicsSM/Draft/NullEdge/DynamicalMassCovariance.lean:187:65: Try this:
  [apply] ring_nf

  The `ring` tactic failed to close the goal. Use `ring_nf` to obtain a normal form.

  Note that `ring` works primarily in *commutative* rings. If you have a noncommutative ring, abelian group or module, consider using `noncomm_ring`, `abel` or `module` instead.
info: PhysicsSM/Draft/NullEdge/DynamicalMassCovariance.lean:202:121: Try this:
  [apply] ring_nf

  The `ring` tactic failed to close the goal. Use `ring_nf` to obtain a normal form.

  Note that `ring` works primarily in *commutative* rings. If you have a noncommutative ring, abelian group or module, consider using `noncomm_ring`, `abel` or `module` instead.
info: PhysicsSM/Draft/NullEdge/DynamicalMassCovariance.lean:202:121: Try this:
  [apply] ring_nf

  The `ring` tactic failed to close the goal. Use `ring_nf` to obtain a normal form.

  Note that `ring` works primarily in *commutative* rings. If you have a noncommutative ring, abelian group or module, consider using `noncomm_ring`, `abel` or `module` instead.
info: PhysicsSM/Draft/NullEdge/DynamicalMassCovariance.lean:202:121: Try this:
  [apply] ring_nf

  The `ring` tactic failed to close the goal. Use `ring_nf` to obtain a normal form.

  Note that `ring` works primarily in *commutative* rings. If you have a noncommutative ring, abelian group or module, consider using `noncomm_ring`, `abel` or `module` instead.
info: PhysicsSM/Draft/NullEdge/DynamicalMassCovariance.lean:202:121: Try this:
  [apply] ring_nf

  The `ring` tactic failed to close the goal. Use `ring_nf` to obtain a normal form.

  Note that `ring` works primarily in *commutative* rings. If you have a noncommutative ring, abelian group or module, consider using `noncomm_ring`, `abel` or `module` instead.
ℹ [8163/8361] Replayed PhysicsSM.Draft.NullEdge.DiscreteWalkMassCovariance
info: PhysicsSM/Draft/NullEdge/DiscreteWalkMassCovariance.lean:69:71: Try this:
  [apply] ring_nf

  The `ring` tactic failed to close the goal. Use `ring_nf` to obtain a normal form.

  Note that `ring` works primarily in *commutative* rings. If you have a noncommutative ring, abelian group or module, consider using `noncomm_ring`, `abel` or `module` instead.
info: PhysicsSM/Draft/NullEdge/DiscreteWalkMassCovariance.lean:69:71: Try this:
  [apply] ring_nf

  The `ring` tactic failed to close the goal. Use `ring_nf` to obtain a normal form.

  Note that `ring` works primarily in *commutative* rings. If you have a noncommutative ring, abelian group or module, consider using `noncomm_ring`, `abel` or `module` instead.
info: PhysicsSM/Draft/NullEdge/DiscreteWalkMassCovariance.lean:86:70: Try this:
  [apply] ring_nf

  The `ring` tactic failed to close the goal. Use `ring_nf` to obtain a normal form.

  Note that `ring` works primarily in *commutative* rings. If you have a noncommutative ring, abelian group or module, consider using `noncomm_ring`, `abel` or `module` instead.
info: PhysicsSM/Draft/NullEdge/DiscreteWalkMassCovariance.lean:86:70: Try this:
  [apply] ring_nf

  The `ring` tactic failed to close the goal. Use `ring_nf` to obtain a normal form.

  Note that `ring` works primarily in *commutative* rings. If you have a noncommutative ring, abelian group or module, consider using `noncomm_ring`, `abel` or `module` instead.
info: PhysicsSM/Draft/NullEdge/DiscreteWalkMassCovariance.lean:86:70: Try this:
  [apply] ring_nf

  The `ring` tactic failed to close the goal. Use `ring_nf` to obtain a normal form.

  Note that `ring` works primarily in *commutative* rings. If you have a noncommutative ring, abelian group or module, consider using `noncomm_ring`, `abel` or `module` instead.
info: PhysicsSM/Draft/NullEdge/DiscreteWalkMassCovariance.lean:86:70: Try this:
  [apply] ring_nf

  The `ring` tactic failed to close the goal. Use `ring_nf` to obtain a normal form.

  Note that `ring` works primarily in *commutative* rings. If you have a noncommutative ring, abelian group or module, consider using `noncomm_ring`, `abel` or `module` instead.
info: PhysicsSM/Draft/NullEdge/DiscreteWalkMassCovariance.lean:91:4: Try this:
  [apply] ring_nf

  The `ring` tactic failed to close the goal. Use `ring_nf` to obtain a normal form.

  Note that `ring` works primarily in *commutative* rings. If you have a noncommutative ring, abelian group or module, consider using `noncomm_ring`, `abel` or `module` instead.
info: PhysicsSM/Draft/NullEdge/DiscreteWalkMassCovariance.lean:95:4: Try this:
  [apply] ring_nf

  The `ring` tactic failed to close the goal. Use `ring_nf` to obtain a normal form.

  Note that `ring` works primarily in *commutative* rings. If you have a noncommutative ring, abelian group or module, consider using `noncomm_ring`, `abel` or `module` instead.
info: PhysicsSM/Draft/NullEdge/DiscreteWalkMassCovariance.lean:99:4: Try this:
  [apply] ring_nf

  The `ring` tactic failed to close the goal. Use `ring_nf` to obtain a normal form.

  Note that `ring` works primarily in *commutative* rings. If you have a noncommutative ring, abelian group or module, consider using `noncomm_ring`, `abel` or `module` instead.
info: PhysicsSM/Draft/NullEdge/DiscreteWalkMassCovariance.lean:132:55: Try this:
  [apply] ring_nf

  The `ring` tactic failed to close the goal. Use `ring_nf` to obtain a normal form.

  Note that `ring` works primarily in *commutative* rings. If you have a noncommutative ring, abelian group or module, consider using `noncomm_ring`, `abel` or `module` instead.
info: PhysicsSM/Draft/NullEdge/DiscreteWalkMassCovariance.lean:132:55: Try this:
  [apply] ring_nf

  The `ring` tactic failed to close the goal. Use `ring_nf` to obtain a normal form.

  Note that `ring` works primarily in *commutative* rings. If you have a noncommutative ring, abelian group or module, consider using `noncomm_ring`, `abel` or `module` instead.
info: PhysicsSM/Draft/NullEdge/DiscreteWalkMassCovariance.lean:148:62: Try this:
  [apply] ring_nf

  The `ring` tactic failed to close the goal. Use `ring_nf` to obtain a normal form.

  Note that `ring` works primarily in *commutative* rings. If you have a noncommutative ring, abelian group or module, consider using `noncomm_ring`, `abel` or `module` instead.
info: PhysicsSM/Draft/NullEdge/DiscreteWalkMassCovariance.lean:148:62: Try this:
  [apply] ring_nf

  The `ring` tactic failed to close the goal. Use `ring_nf` to obtain a normal form.

  Note that `ring` works primarily in *commutative* rings. If you have a noncommutative ring, abelian group or module, consider using `noncomm_ring`, `abel` or `module` instead.
info: PhysicsSM/Draft/NullEdge/DiscreteWalkMassCovariance.lean:148:62: Try this:
  [apply] ring_nf

  The `ring` tactic failed to close the goal. Use `ring_nf` to obtain a normal form.

  Note that `ring` works primarily in *commutative* rings. If you have a noncommutative ring, abelian group or module, consider using `noncomm_ring`, `abel` or `module` instead.
info: PhysicsSM/Draft/NullEdge/DiscreteWalkMassCovariance.lean:148:62: Try this:
  [apply] ring_nf

  The `ring` tactic failed to close the goal. Use `ring_nf` to obtain a normal form.

  Note that `ring` works primarily in *commutative* rings. If you have a noncommutative ring, abelian group or module, consider using `noncomm_ring`, `abel` or `module` instead.
ℹ [8174/8361] Replayed PhysicsSM.Gauge.BlockEmbeddings
info: PhysicsSM/Gauge/BlockEmbeddings.lean:159:4: Try this:
  [apply] exact omega_pow_six
ℹ [8204/8361] Replayed PhysicsSM.Gauge.StandardModelProductCoveringTrueQuotientSMBlock
info: PhysicsSM/Gauge/StandardModelProductCoveringTrueQuotientSMBlock.lean:245:39: Try this:
  [apply] ring_nf

  The `ring` tactic failed to close the goal. Use `ring_nf` to obtain a normal form.

  Note that `ring` works primarily in *commutative* rings. If you have a noncommutative ring, abelian group or module, consider using `noncomm_ring`, `abel` or `module` instead.
info: PhysicsSM/Gauge/StandardModelProductCoveringTrueQuotientSMBlock.lean:266:76: Try this:
  [apply] ring_nf

  The `ring` tactic failed to close the goal. Use `ring_nf` to obtain a normal form.

  Note that `ring` works primarily in *commutative* rings. If you have a noncommutative ring, abelian group or module, consider using `noncomm_ring`, `abel` or `module` instead.
ℹ [8217/8361] Replayed PhysicsSM.Spinor.SpinorTenfoldCAR
info: PhysicsSM/Spinor/SpinorTenfoldCAR.lean:145:109: Try this:
  [apply] ring_nf

  The `ring` tactic failed to close the goal. Use `ring_nf` to obtain a normal form.

  Note that `ring` works primarily in *commutative* rings. If you have a noncommutative ring, abelian group or module, consider using `noncomm_ring`, `abel` or `module` instead.
info: PhysicsSM/Spinor/SpinorTenfoldCAR.lean:147:112: Try this:
  [apply] ring_nf

  The `ring` tactic failed to close the goal. Use `ring_nf` to obtain a normal form.

  Note that `ring` works primarily in *commutative* rings. If you have a noncommutative ring, abelian group or module, consider using `noncomm_ring`, `abel` or `module` instead.
info: PhysicsSM/Spinor/SpinorTenfoldCAR.lean:209:59: Try this:
  [apply] ring_nf

  The `ring` tactic failed to close the goal. Use `ring_nf` to obtain a normal form.

  Note that `ring` works primarily in *commutative* rings. If you have a noncommutative ring, abelian group or module, consider using `noncomm_ring`, `abel` or `module` instead.
ℹ [8222/8361] Replayed PhysicsSM.Spinor.SpinorTenfoldSO10Action
info: PhysicsSM/Spinor/SpinorTenfoldSO10Action.lean:105:19: Try this:
  [apply] ring_nf

  The `ring` tactic failed to close the goal. Use `ring_nf` to obtain a normal form.

  Note that `ring` works primarily in *commutative* rings. If you have a noncommutative ring, abelian group or module, consider using `noncomm_ring`, `abel` or `module` instead.
info: PhysicsSM/Spinor/SpinorTenfoldSO10Action.lean:109:81: Try this:
  [apply] ring_nf

  The `ring` tactic failed to close the goal. Use `ring_nf` to obtain a normal form.

  Note that `ring` works primarily in *commutative* rings. If you have a noncommutative ring, abelian group or module, consider using `noncomm_ring`, `abel` or `module` instead.
info: PhysicsSM/Spinor/SpinorTenfoldSO10Action.lean:110:133: Try this:
  [apply] ring_nf

  The `ring` tactic failed to close the goal. Use `ring_nf` to obtain a normal form.

  Note that `ring` works primarily in *commutative* rings. If you have a noncommutative ring, abelian group or module, consider using `noncomm_ring`, `abel` or `module` instead.
info: PhysicsSM/Spinor/SpinorTenfoldSO10Action.lean:111:197: Try this:
  [apply] ring_nf

  The `ring` tactic failed to close the goal. Use `ring_nf` to obtain a normal form.

  Note that `ring` works primarily in *commutative* rings. If you have a noncommutative ring, abelian group or module, consider using `noncomm_ring`, `abel` or `module` instead.
info: PhysicsSM/Spinor/SpinorTenfoldSO10Action.lean:117:120: Try this:
  [apply] ring_nf

  The `ring` tactic failed to close the goal. Use `ring_nf` to obtain a normal form.

  Note that `ring` works primarily in *commutative* rings. If you have a noncommutative ring, abelian group or module, consider using `noncomm_ring`, `abel` or `module` instead.
info: PhysicsSM/Spinor/SpinorTenfoldSO10Action.lean:131:67: Try this:
  [apply] ring_nf

  The `ring` tactic failed to close the goal. Use `ring_nf` to obtain a normal form.

  Note that `ring` works primarily in *commutative* rings. If you have a noncommutative ring, abelian group or module, consider using `noncomm_ring`, `abel` or `module` instead.
info: PhysicsSM/Spinor/SpinorTenfoldSO10Action.lean:132:34: Try this:
  [apply] ring_nf

  The `ring` tactic failed to close the goal. Use `ring_nf` to obtain a normal form.

  Note that `ring` works primarily in *commutative* rings. If you have a noncommutative ring, abelian group or module, consider using `noncomm_ring`, `abel` or `module` instead.
info: PhysicsSM/Spinor/SpinorTenfoldSO10Action.lean:138:34: Try this:
  [apply] ring_nf

  The `ring` tactic failed to close the goal. Use `ring_nf` to obtain a normal form.

  Note that `ring` works primarily in *commutative* rings. If you have a noncommutative ring, abelian group or module, consider using `noncomm_ring`, `abel` or `module` instead.
info: PhysicsSM/Spinor/SpinorTenfoldSO10Action.lean:140:100: Try this:
  [apply] ring_nf

  The `ring` tactic failed to close the goal. Use `ring_nf` to obtain a normal form.

  Note that `ring` works primarily in *commutative* rings. If you have a noncommutative ring, abelian group or module, consider using `noncomm_ring`, `abel` or `module` instead.
info: PhysicsSM/Spinor/SpinorTenfoldSO10Action.lean:141:105: Try this:
  [apply] ring_nf

  The `ring` tactic failed to close the goal. Use `ring_nf` to obtain a normal form.

  Note that `ring` works primarily in *commutative* rings. If you have a noncommutative ring, abelian group or module, consider using `noncomm_ring`, `abel` or `module` instead.
info: PhysicsSM/Spinor/SpinorTenfoldSO10Action.lean:162:99: Try this:
  [apply] ring_nf

  The `ring` tactic failed to close the goal. Use `ring_nf` to obtain a normal form.

  Note that `ring` works primarily in *commutative* rings. If you have a noncommutative ring, abelian group or module, consider using `noncomm_ring`, `abel` or `module` instead.
info: PhysicsSM/Spinor/SpinorTenfoldSO10Action.lean:163:166: Try this:
  [apply] ring_nf

  The `ring` tactic failed to close the goal. Use `ring_nf` to obtain a normal form.

  Note that `ring` works primarily in *commutative* rings. If you have a noncommutative ring, abelian group or module, consider using `noncomm_ring`, `abel` or `module` instead.
info: PhysicsSM/Spinor/SpinorTenfoldSO10Action.lean:174:103: Try this:
  [apply] ring_nf

  The `ring` tactic failed to close the goal. Use `ring_nf` to obtain a normal form.

  Note that `ring` works primarily in *commutative* rings. If you have a noncommutative ring, abelian group or module, consider using `noncomm_ring`, `abel` or `module` instead.
info: PhysicsSM/Spinor/SpinorTenfoldSO10Action.lean:307:4: Try this:
  [apply] ring_nf

  The `ring` tactic failed to close the goal. Use `ring_nf` to obtain a normal form.

  Note that `ring` works primarily in *commutative* rings. If you have a noncommutative ring, abelian group or module, consider using `noncomm_ring`, `abel` or `module` instead.
info: PhysicsSM/Spinor/SpinorTenfoldSO10Action.lean:310:4: Try this:
  [apply] ring_nf

  The `ring` tactic failed to close the goal. Use `ring_nf` to obtain a normal form.

  Note that `ring` works primarily in *commutative* rings. If you have a noncommutative ring, abelian group or module, consider using `noncomm_ring`, `abel` or `module` instead.
info: PhysicsSM/Spinor/SpinorTenfoldSO10Action.lean:313:4: Try this:
  [apply] ring_nf

  The `ring` tactic failed to close the goal. Use `ring_nf` to obtain a normal form.

  Note that `ring` works primarily in *commutative* rings. If you have a noncommutative ring, abelian group or module, consider using `noncomm_ring`, `abel` or `module` instead.
info: PhysicsSM/Spinor/SpinorTenfoldSO10Action.lean:316:4: Try this:
  [apply] ring_nf

  The `ring` tactic failed to close the goal. Use `ring_nf` to obtain a normal form.

  Note that `ring` works primarily in *commutative* rings. If you have a noncommutative ring, abelian group or module, consider using `noncomm_ring`, `abel` or `module` instead.
info: PhysicsSM/Spinor/SpinorTenfoldSO10Action.lean:319:6: Try this:
  [apply] ring_nf

  The `ring` tactic failed to close the goal. Use `ring_nf` to obtain a normal form.

  Note that `ring` works primarily in *commutative* rings. If you have a noncommutative ring, abelian group or module, consider using `noncomm_ring`, `abel` or `module` instead.
info: PhysicsSM/Spinor/SpinorTenfoldSO10Action.lean:323:6: Try this:
  [apply] ring_nf

  The `ring` tactic failed to close the goal. Use `ring_nf` to obtain a normal form.

  Note that `ring` works primarily in *commutative* rings. If you have a noncommutative ring, abelian group or module, consider using `noncomm_ring`, `abel` or `module` instead.
info: PhysicsSM/Spinor/SpinorTenfoldSO10Action.lean:325:6: Try this:
  [apply] ring_nf

  The `ring` tactic failed to close the goal. Use `ring_nf` to obtain a normal form.

  Note that `ring` works primarily in *commutative* rings. If you have a noncommutative ring, abelian group or module, consider using `noncomm_ring`, `abel` or `module` instead.
info: PhysicsSM/Spinor/SpinorTenfoldSO10Action.lean:327:40: Try this:
  [apply] ring_nf

  The `ring` tactic failed to close the goal. Use `ring_nf` to obtain a normal form.

  Note that `ring` works primarily in *commutative* rings. If you have a noncommutative ring, abelian group or module, consider using `noncomm_ring`, `abel` or `module` instead.
info: PhysicsSM/Spinor/SpinorTenfoldSO10Action.lean:331:112: Try this:
  [apply] ring_nf

  The `ring` tactic failed to close the goal. Use `ring_nf` to obtain a normal form.

  Note that `ring` works primarily in *commutative* rings. If you have a noncommutative ring, abelian group or module, consider using `noncomm_ring`, `abel` or `module` instead.
info: PhysicsSM/Spinor/SpinorTenfoldSO10Action.lean:333:163: Try this:
  [apply] ring_nf

  The `ring` tactic failed to close the goal. Use `ring_nf` to obtain a normal form.

  Note that `ring` works primarily in *commutative* rings. If you have a noncommutative ring, abelian group or module, consider using `noncomm_ring`, `abel` or `module` instead.
info: PhysicsSM/Spinor/SpinorTenfoldSO10Action.lean:342:61: Try this:
  [apply] ring_nf

  The `ring` tactic failed to close the goal. Use `ring_nf` to obtain a normal form.

  Note that `ring` works primarily in *commutative* rings. If you have a noncommutative ring, abelian group or module, consider using `noncomm_ring`, `abel` or `module` instead.
info: PhysicsSM/Spinor/SpinorTenfoldSO10Action.lean:366:41: Try this:
  [apply] ring_nf

  The `ring` tactic failed to close the goal. Use `ring_nf` to obtain a normal form.

  Note that `ring` works primarily in *commutative* rings. If you have a noncommutative ring, abelian group or module, consider using `noncomm_ring`, `abel` or `module` instead.
info: PhysicsSM/Spinor/SpinorTenfoldSO10Action.lean:392:89: Try this:
  [apply] ring_nf

  The `ring` tactic failed to close the goal. Use `ring_nf` to obtain a normal form.

  Note that `ring` works primarily in *commutative* rings. If you have a noncommutative ring, abelian group or module, consider using `noncomm_ring`, `abel` or `module` instead.
ℹ [8245/8361] Replayed PhysicsSM.Draft.NullEdge.ReciprocalCoinFamily
info: PhysicsSM/Draft/NullEdge/ReciprocalCoinFamily.lean:61:148: Try this:
  [apply] ring_nf

  The `ring` tactic failed to close the goal. Use `ring_nf` to obtain a normal form.

  Note that `ring` works primarily in *commutative* rings. If you have a noncommutative ring, abelian group or module, consider using `noncomm_ring`, `abel` or `module` instead.
info: PhysicsSM/Draft/NullEdge/ReciprocalCoinFamily.lean:81:94: Try this:
  [apply] ring_nf

  The `ring` tactic failed to close the goal. Use `ring_nf` to obtain a normal form.

  Note that `ring` works primarily in *commutative* rings. If you have a noncommutative ring, abelian group or module, consider using `noncomm_ring`, `abel` or `module` instead.
info: PhysicsSM/Draft/NullEdge/ReciprocalCoinFamily.lean:85:37: Try this:
  [apply] ring_nf

  The `ring` tactic failed to close the goal. Use `ring_nf` to obtain a normal form.

  Note that `ring` works primarily in *commutative* rings. If you have a noncommutative ring, abelian group or module, consider using `noncomm_ring`, `abel` or `module` instead.
info: PhysicsSM/Draft/NullEdge/ReciprocalCoinFamily.lean:96:96: Try this:
  [apply] ring_nf

  The `ring` tactic failed to close the goal. Use `ring_nf` to obtain a normal form.

  Note that `ring` works primarily in *commutative* rings. If you have a noncommutative ring, abelian group or module, consider using `noncomm_ring`, `abel` or `module` instead.
info: PhysicsSM/Draft/NullEdge/ReciprocalCoinFamily.lean:96:96: Try this:
  [apply] ring_nf

  The `ring` tactic failed to close the goal. Use `ring_nf` to obtain a normal form.

  Note that `ring` works primarily in *commutative* rings. If you have a noncommutative ring, abelian group or module, consider using `noncomm_ring`, `abel` or `module` instead.
info: PhysicsSM/Draft/NullEdge/ReciprocalCoinFamily.lean:96:96: Try this:
  [apply] ring_nf

  The `ring` tactic failed to close the goal. Use `ring_nf` to obtain a normal form.

  Note that `ring` works primarily in *commutative* rings. If you have a noncommutative ring, abelian group or module, consider using `noncomm_ring`, `abel` or `module` instead.
info: PhysicsSM/Draft/NullEdge/ReciprocalCoinFamily.lean:96:96: Try this:
  [apply] ring_nf

  The `ring` tactic failed to close the goal. Use `ring_nf` to obtain a normal form.

  Note that `ring` works primarily in *commutative* rings. If you have a noncommutative ring, abelian group or module, consider using `noncomm_ring`, `abel` or `module` instead.
info: PhysicsSM/Draft/NullEdge/ReciprocalCoinFamily.lean:97:47: Try this:
  [apply] ring_nf

  The `ring` tactic failed to close the goal. Use `ring_nf` to obtain a normal form.

  Note that `ring` works primarily in *commutative* rings. If you have a noncommutative ring, abelian group or module, consider using `noncomm_ring`, `abel` or `module` instead.
info: PhysicsSM/Draft/NullEdge/ReciprocalCoinFamily.lean:102:48: Try this:
  [apply] ring_nf

  The `ring` tactic failed to close the goal. Use `ring_nf` to obtain a normal form.

  Note that `ring` works primarily in *commutative* rings. If you have a noncommutative ring, abelian group or module, consider using `noncomm_ring`, `abel` or `module` instead.
info: PhysicsSM/Draft/NullEdge/ReciprocalCoinFamily.lean:138:92: Try this:
  [apply] ring_nf

  The `ring` tactic failed to close the goal. Use `ring_nf` to obtain a normal form.

  Note that `ring` works primarily in *commutative* rings. If you have a noncommutative ring, abelian group or module, consider using `noncomm_ring`, `abel` or `module` instead.
info: PhysicsSM/Draft/NullEdge/ReciprocalCoinFamily.lean:157:63: Try this:
  [apply] ring_nf

  The `ring` tactic failed to close the goal. Use `ring_nf` to obtain a normal form.

  Note that `ring` works primarily in *commutative* rings. If you have a noncommutative ring, abelian group or module, consider using `noncomm_ring`, `abel` or `module` instead.
info: PhysicsSM/Draft/NullEdge/ReciprocalCoinFamily.lean:157:63: Try this:
  [apply] ring_nf

  The `ring` tactic failed to close the goal. Use `ring_nf` to obtain a normal form.

  Note that `ring` works primarily in *commutative* rings. If you have a noncommutative ring, abelian group or module, consider using `noncomm_ring`, `abel` or `module` instead.
info: PhysicsSM/Draft/NullEdge/ReciprocalCoinFamily.lean:157:63: Try this:
  [apply] ring_nf

  The `ring` tactic failed to close the goal. Use `ring_nf` to obtain a normal form.

  Note that `ring` works primarily in *commutative* rings. If you have a noncommutative ring, abelian group or module, consider using `noncomm_ring`, `abel` or `module` instead.
info: PhysicsSM/Draft/NullEdge/ReciprocalCoinFamily.lean:157:63: Try this:
  [apply] ring_nf

  The `ring` tactic failed to close the goal. Use `ring_nf` to obtain a normal form.

  Note that `ring` works primarily in *commutative* rings. If you have a noncommutative ring, abelian group or module, consider using `noncomm_ring`, `abel` or `module` instead.
info: PhysicsSM/Draft/NullEdge/ReciprocalCoinFamily.lean:157:63: Try this:
  [apply] ring_nf

  The `ring` tactic failed to close the goal. Use `ring_nf` to obtain a normal form.

  Note that `ring` works primarily in *commutative* rings. If you have a noncommutative ring, abelian group or module, consider using `noncomm_ring`, `abel` or `module` instead.
info: PhysicsSM/Draft/NullEdge/ReciprocalCoinFamily.lean:169:63: Try this:
  [apply] ring_nf

  The `ring` tactic failed to close the goal. Use `ring_nf` to obtain a normal form.

  Note that `ring` works primarily in *commutative* rings. If you have a noncommutative ring, abelian group or module, consider using `noncomm_ring`, `abel` or `module` instead.
info: PhysicsSM/Draft/NullEdge/ReciprocalCoinFamily.lean:169:63: Try this:
  [apply] ring_nf

  The `ring` tactic failed to close the goal. Use `ring_nf` to obtain a normal form.

  Note that `ring` works primarily in *commutative* rings. If you have a noncommutative ring, abelian group or module, consider using `noncomm_ring`, `abel` or `module` instead.
info: PhysicsSM/Draft/NullEdge/ReciprocalCoinFamily.lean:169:63: Try this:
  [apply] ring_nf

  The `ring` tactic failed to close the goal. Use `ring_nf` to obtain a normal form.

  Note that `ring` works primarily in *commutative* rings. If you have a noncommutative ring, abelian group or module, consider using `noncomm_ring`, `abel` or `module` instead.
info: PhysicsSM/Draft/NullEdge/ReciprocalCoinFamily.lean:169:63: Try this:
  [apply] ring_nf

  The `ring` tactic failed to close the goal. Use `ring_nf` to obtain a normal form.

  Note that `ring` works primarily in *commutative* rings. If you have a noncommutative ring, abelian group or module, consider using `noncomm_ring`, `abel` or `module` instead.
info: PhysicsSM/Draft/NullEdge/ReciprocalCoinFamily.lean:169:63: Try this:
  [apply] ring_nf

  The `ring` tactic failed to close the goal. Use `ring_nf` to obtain a normal form.

  Note that `ring` works primarily in *commutative* rings. If you have a noncommutative ring, abelian group or module, consider using `noncomm_ring`, `abel` or `module` instead.
info: PhysicsSM/Draft/NullEdge/ReciprocalCoinFamily.lean:174:113: Try this:
  [apply] ring_nf

  The `ring` tactic failed to close the goal. Use `ring_nf` to obtain a normal form.

  Note that `ring` works primarily in *commutative* rings. If you have a noncommutative ring, abelian group or module, consider using `noncomm_ring`, `abel` or `module` instead.
⚠ [8254/8361] Replayed PhysicsSM.Draft.NullEdge.StationaryAmplitudeWeylEliminationCertificate
warning: PhysicsSM/Draft/NullEdge/StationaryAmplitudeWeylEliminationCertificate.lean:61:18: unused variable `tx`

Note: This linter can be disabled with `set_option linter.unusedVariables false`
warning: PhysicsSM/Draft/NullEdge/StationaryAmplitudeWeylEliminationCertificate.lean:61:21: unused variable `ty`

Note: This linter can be disabled with `set_option linter.unusedVariables false`
warning: PhysicsSM/Draft/NullEdge/StationaryAmplitudeWeylEliminationCertificate.lean:68:22: unused variable `tx`

Note: This linter can be disabled with `set_option linter.unusedVariables false`
warning: PhysicsSM/Draft/NullEdge/StationaryAmplitudeWeylEliminationCertificate.lean:68:25: unused variable `ty`

Note: This linter can be disabled with `set_option linter.unusedVariables false`
ℹ [8271/8361] Replayed PhysicsSM.Draft.NullEdge.PositiveWeylBranchCompleteness
info: PhysicsSM/Draft/NullEdge/PositiveWeylBranchCompleteness.lean:58:32: Try this:
  [apply] ring_nf

  The `ring` tactic failed to close the goal. Use `ring_nf` to obtain a normal form.

  Note that `ring` works primarily in *commutative* rings. If you have a noncommutative ring, abelian group or module, consider using `noncomm_ring`, `abel` or `module` instead.
⚠ [8278/8361] Replayed PhysicsSM.Draft.NullEdge.WAYTurnNoGo
warning: PhysicsSM/Draft/NullEdge/WAYTurnNoGo.lean:6:12: please avoid 'open (scoped) Classical' statements: this can hide theorem statements which would be better stated with explicit decidability statements.
Instead, use `open Classical in` for definitions or instances, the `classical` tactic for proofs.
For theorem statements, either add missing decidability assumptions or use `open Classical in`.

Note: This linter can be disabled with `set_option linter.style.openClassical false`
info: PhysicsSM/Draft/NullEdge/WAYTurnNoGo.lean:138:0: 'WAY.way_defect_identity' depends on axioms: [propext, Classical.choice, Quot.sound]
info: PhysicsSM/Draft/NullEdge/WAYTurnNoGo.lean:139:0: 'WAY.way_nogo' depends on axioms: [propext, Classical.choice, Quot.sound]
info: PhysicsSM/Draft/NullEdge/WAYTurnNoGo.lean:140:0: 'WAY.chirality_gate_not_isospin_commuting' depends on axioms: [propext, Classical.choice, Quot.sound]
info: PhysicsSM/Draft/NullEdge/WAYTurnNoGo.lean:141:0: 'WAY.chirality_requires_nontrivial_ancilla' depends on axioms: [propext, Classical.choice, Quot.sound]
ℹ [8280/8361] Replayed PhysicsSM.Draft.NullEdge.FixedMomentumManyStepContinuum
info: PhysicsSM/Draft/NullEdge/FixedMomentumManyStepContinuum.lean:101:86: Try this:
  [apply] ring_nf

  The `ring` tactic failed to close the goal. Use `ring_nf` to obtain a normal form.

  Note that `ring` works primarily in *commutative* rings. If you have a noncommutative ring, abelian group or module, consider using `noncomm_ring`, `abel` or `module` instead.
info: PhysicsSM/Draft/NullEdge/FixedMomentumManyStepContinuum.lean:101:86: Try this:
  [apply] ring_nf

  The `ring` tactic failed to close the goal. Use `ring_nf` to obtain a normal form.

  Note that `ring` works primarily in *commutative* rings. If you have a noncommutative ring, abelian group or module, consider using `noncomm_ring`, `abel` or `module` instead.
info: PhysicsSM/Draft/NullEdge/FixedMomentumManyStepContinuum.lean:101:86: Try this:
  [apply] ring_nf

  The `ring` tactic failed to close the goal. Use `ring_nf` to obtain a normal form.

  Note that `ring` works primarily in *commutative* rings. If you have a noncommutative ring, abelian group or module, consider using `noncomm_ring`, `abel` or `module` instead.
info: PhysicsSM/Draft/NullEdge/FixedMomentumManyStepContinuum.lean:101:86: Try this:
  [apply] ring_nf

  The `ring` tactic failed to close the goal. Use `ring_nf` to obtain a normal form.

  Note that `ring` works primarily in *commutative* rings. If you have a noncommutative ring, abelian group or module, consider using `noncomm_ring`, `abel` or `module` instead.
info: PhysicsSM/Draft/NullEdge/FixedMomentumManyStepContinuum.lean:102:56: Try this:
  [apply] ring_nf

  The `ring` tactic failed to close the goal. Use `ring_nf` to obtain a normal form.

  Note that `ring` works primarily in *commutative* rings. If you have a noncommutative ring, abelian group or module, consider using `noncomm_ring`, `abel` or `module` instead.
info: PhysicsSM/Draft/NullEdge/FixedMomentumManyStepContinuum.lean:102:102: Try this:
  [apply] ring_nf

  The `ring` tactic failed to close the goal. Use `ring_nf` to obtain a normal form.

  Note that `ring` works primarily in *commutative* rings. If you have a noncommutative ring, abelian group or module, consider using `noncomm_ring`, `abel` or `module` instead.
info: PhysicsSM/Draft/NullEdge/FixedMomentumManyStepContinuum.lean:104:56: Try this:
  [apply] ring_nf

  The `ring` tactic failed to close the goal. Use `ring_nf` to obtain a normal form.

  Note that `ring` works primarily in *commutative* rings. If you have a noncommutative ring, abelian group or module, consider using `noncomm_ring`, `abel` or `module` instead.
info: PhysicsSM/Draft/NullEdge/FixedMomentumManyStepContinuum.lean:106:56: Try this:
  [apply] ring_nf

  The `ring` tactic failed to close the goal. Use `ring_nf` to obtain a normal form.

  Note that `ring` works primarily in *commutative* rings. If you have a noncommutative ring, abelian group or module, consider using `noncomm_ring`, `abel` or `module` instead.
info: PhysicsSM/Draft/NullEdge/FixedMomentumManyStepContinuum.lean:108:56: Try this:
  [apply] ring_nf

  The `ring` tactic failed to close the goal. Use `ring_nf` to obtain a normal form.

  Note that `ring` works primarily in *commutative* rings. If you have a noncommutative ring, abelian group or module, consider using `noncomm_ring`, `abel` or `module` instead.
info: PhysicsSM/Draft/NullEdge/FixedMomentumManyStepContinuum.lean:108:102: Try this:
  [apply] ring_nf

  The `ring` tactic failed to close the goal. Use `ring_nf` to obtain a normal form.

  Note that `ring` works primarily in *commutative* rings. If you have a noncommutative ring, abelian group or module, consider using `noncomm_ring`, `abel` or `module` instead.
info: PhysicsSM/Draft/NullEdge/FixedMomentumManyStepContinuum.lean:261:109: Try this:
  [apply] ring_nf

  The `ring` tactic failed to close the goal. Use `ring_nf` to obtain a normal form.

  Note that `ring` works primarily in *commutative* rings. If you have a noncommutative ring, abelian group or module, consider using `noncomm_ring`, `abel` or `module` instead.
info: PhysicsSM/Draft/NullEdge/FixedMomentumManyStepContinuum.lean:262:55: Try this:
  [apply] ring_nf

  The `ring` tactic failed to close the goal. Use `ring_nf` to obtain a normal form.

  Note that `ring` works primarily in *commutative* rings. If you have a noncommutative ring, abelian group or module, consider using `noncomm_ring`, `abel` or `module` instead.
info: PhysicsSM/Draft/NullEdge/FixedMomentumManyStepContinuum.lean:263:16: Try this:
  [apply] ring_nf

  The `ring` tactic failed to close the goal. Use `ring_nf` to obtain a normal form.

  Note that `ring` works primarily in *commutative* rings. If you have a noncommutative ring, abelian group or module, consider using `noncomm_ring`, `abel` or `module` instead.
info: PhysicsSM/Draft/NullEdge/FixedMomentumManyStepContinuum.lean:284:55: Try this:
  [apply] ring_nf

  The `ring` tactic failed to close the goal. Use `ring_nf` to obtain a normal form.

  Note that `ring` works primarily in *commutative* rings. If you have a noncommutative ring, abelian group or module, consider using `noncomm_ring`, `abel` or `module` instead.
info: PhysicsSM/Draft/NullEdge/FixedMomentumManyStepContinuum.lean:307:122: Try this:
  [apply] ring_nf

  The `ring` tactic failed to close the goal. Use `ring_nf` to obtain a normal form.

  Note that `ring` works primarily in *commutative* rings. If you have a noncommutative ring, abelian group or module, consider using `noncomm_ring`, `abel` or `module` instead.
info: PhysicsSM/Draft/NullEdge/FixedMomentumManyStepContinuum.lean:308:18: Try this:
  [apply] ring_nf

  The `ring` tactic failed to close the goal. Use `ring_nf` to obtain a normal form.

  Note that `ring` works primarily in *commutative* rings. If you have a noncommutative ring, abelian group or module, consider using `noncomm_ring`, `abel` or `module` instead.
info: PhysicsSM/Draft/NullEdge/FixedMomentumManyStepContinuum.lean:309:35: Try this:
  [apply] ring_nf!

  The `ring!` tactic failed to close the goal. Use `ring_nf!` to obtain a normal form.

  Note that `ring!` works primarily in *commutative* rings. If you have a noncommutative ring, abelian group or module, consider using `noncomm_ring`, `abel` or `module` instead.
info: PhysicsSM/Draft/NullEdge/FixedMomentumManyStepContinuum.lean:310:102: Try this:
  [apply] ring_nf

  The `ring` tactic failed to close the goal. Use `ring_nf` to obtain a normal form.

  Note that `ring` works primarily in *commutative* rings. If you have a noncommutative ring, abelian group or module, consider using `noncomm_ring`, `abel` or `module` instead.
info: PhysicsSM/Draft/NullEdge/FixedMomentumManyStepContinuum.lean:311:59: Try this:
  [apply] ring_nf

  The `ring` tactic failed to close the goal. Use `ring_nf` to obtain a normal form.

  Note that `ring` works primarily in *commutative* rings. If you have a noncommutative ring, abelian group or module, consider using `noncomm_ring`, `abel` or `module` instead.
info: PhysicsSM/Draft/NullEdge/FixedMomentumManyStepContinuum.lean:312:48: Try this:
  [apply] ring_nf

  The `ring` tactic failed to close the goal. Use `ring_nf` to obtain a normal form.

  Note that `ring` works primarily in *commutative* rings. If you have a noncommutative ring, abelian group or module, consider using `noncomm_ring`, `abel` or `module` instead.
info: PhysicsSM/Draft/NullEdge/FixedMomentumManyStepContinuum.lean:404:55: Try this:
  [apply] ring_nf!

  The `ring!` tactic failed to close the goal. Use `ring_nf!` to obtain a normal form.

  Note that `ring!` works primarily in *commutative* rings. If you have a noncommutative ring, abelian group or module, consider using `noncomm_ring`, `abel` or `module` instead.
info: PhysicsSM/Draft/NullEdge/FixedMomentumManyStepContinuum.lean:463:46: Try this:
  [apply] ring_nf

  The `ring` tactic failed to close the goal. Use `ring_nf` to obtain a normal form.

  Note that `ring` works primarily in *commutative* rings. If you have a noncommutative ring, abelian group or module, consider using `noncomm_ring`, `abel` or `module` instead.
info: PhysicsSM/Draft/NullEdge/FixedMomentumManyStepContinuum.lean:478:124: Try this:
  [apply] ring_nf

  The `ring` tactic failed to close the goal. Use `ring_nf` to obtain a normal form.

  Note that `ring` works primarily in *commutative* rings. If you have a noncommutative ring, abelian group or module, consider using `noncomm_ring`, `abel` or `module` instead.
ℹ [8282/8361] Replayed PhysicsSM.Draft.CheckerboardCornerCountAristotle
info: PhysicsSM/Draft/CheckerboardCornerCountAristotle.lean:285:98: Try this:
  [apply] ring_nf

  The `ring` tactic failed to close the goal. Use `ring_nf` to obtain a normal form.

  Note that `ring` works primarily in *commutative* rings. If you have a noncommutative ring, abelian group or module, consider using `noncomm_ring`, `abel` or `module` instead.
info: PhysicsSM/Draft/CheckerboardCornerCountAristotle.lean:286:72: Try this:
  [apply] ring_nf!

  The `ring!` tactic failed to close the goal. Use `ring_nf!` to obtain a normal form.

  Note that `ring!` works primarily in *commutative* rings. If you have a noncommutative ring, abelian group or module, consider using `noncomm_ring`, `abel` or `module` instead.
info: PhysicsSM/Draft/CheckerboardCornerCountAristotle.lean:406:47: Try this:
  [apply] ring_nf

  The `ring` tactic failed to close the goal. Use `ring_nf` to obtain a normal form.

  Note that `ring` works primarily in *commutative* rings. If you have a noncommutative ring, abelian group or module, consider using `noncomm_ring`, `abel` or `module` instead.
info: PhysicsSM/Draft/CheckerboardCornerCountAristotle.lean:498:115: Try this:
  [apply] ring_nf

  The `ring` tactic failed to close the goal. Use `ring_nf` to obtain a normal form.

  Note that `ring` works primarily in *commutative* rings. If you have a noncommutative ring, abelian group or module, consider using `noncomm_ring`, `abel` or `module` instead.
info: PhysicsSM/Draft/CheckerboardCornerCountAristotle.lean:504:125: Try this:
  [apply] ring_nf

  The `ring` tactic failed to close the goal. Use `ring_nf` to obtain a normal form.

  Note that `ring` works primarily in *commutative* rings. If you have a noncommutative ring, abelian group or module, consider using `noncomm_ring`, `abel` or `module` instead.
info: PhysicsSM/Draft/CheckerboardCornerCountAristotle.lean:530:10: Try this:
  [apply] ring_nf

  The `ring` tactic failed to close the goal. Use `ring_nf` to obtain a normal form.

  Note that `ring` works primarily in *commutative* rings. If you have a noncommutative ring, abelian group or module, consider using `noncomm_ring`, `abel` or `module` instead.
ℹ [8283/8361] Replayed PhysicsSM.Draft.CheckerboardCornerClosedFormsAristotle
info: PhysicsSM/Draft/CheckerboardCornerClosedFormsAristotle.lean:92:15: Try this:
  [apply] ring_nf

  The `ring` tactic failed to close the goal. Use `ring_nf` to obtain a normal form.

  Note that `ring` works primarily in *commutative* rings. If you have a noncommutative ring, abelian group or module, consider using `noncomm_ring`, `abel` or `module` instead.
info: PhysicsSM/Draft/CheckerboardCornerClosedFormsAristotle.lean:127:79: Try this:
  [apply] ring_nf

  The `ring` tactic failed to close the goal. Use `ring_nf` to obtain a normal form.

  Note that `ring` works primarily in *commutative* rings. If you have a noncommutative ring, abelian group or module, consider using `noncomm_ring`, `abel` or `module` instead.
info: PhysicsSM/Draft/CheckerboardCornerClosedFormsAristotle.lean:128:105: Try this:
  [apply] ring_nf

  The `ring` tactic failed to close the goal. Use `ring_nf` to obtain a normal form.

  Note that `ring` works primarily in *commutative* rings. If you have a noncommutative ring, abelian group or module, consider using `noncomm_ring`, `abel` or `module` instead.
ℹ [8284/8361] Replayed PhysicsSM.Draft.CheckerboardCornerPolynomialAristotle
info: PhysicsSM/Draft/CheckerboardCornerPolynomialAristotle.lean:69:89: Try this:
  [apply] ring_nf

  The `ring` tactic failed to close the goal. Use `ring_nf` to obtain a normal form.

  Note that `ring` works primarily in *commutative* rings. If you have a noncommutative ring, abelian group or module, consider using `noncomm_ring`, `abel` or `module` instead.
⚠ [8287/8361] Replayed PhysicsSM.Draft.NullEdge.CheckerboardCarrierBridge
warning: PhysicsSM/Draft/NullEdge/CheckerboardCarrierBridge.lean:6:12: please avoid 'open (scoped) Classical' statements: this can hide theorem statements which would be better stated with explicit decidability statements.
Instead, use `open Classical in` for definitions or instances, the `classical` tactic for proofs.
For theorem statements, either add missing decidability assumptions or use `open Classical in`.

Note: This linter can be disabled with `set_option linter.style.openClassical false`
info: PhysicsSM/Draft/NullEdge/CheckerboardCarrierBridge.lean:270:0: 'DiracWalkCarrier.four_channel_budget' depends on axioms: [propext, Classical.choice, Quot.sound]
info: PhysicsSM/Draft/NullEdge/CheckerboardCarrierBridge.lean:271:0: 'DiracWalkCarrier.aperture_is_kinetic' depends on axioms: [propext, Classical.choice, Quot.sound]
info: PhysicsSM/Draft/NullEdge/CheckerboardCarrierBridge.lean:272:0: 'DiracWalkCarrier.turn_is_mass_squared' depends on axioms: [propext, Classical.choice, Quot.sound]
info: PhysicsSM/Draft/NullEdge/CheckerboardCarrierBridge.lean:273:0: 'DiracWalkCarrier.soldering_form' depends on axioms: [propext, Classical.choice, Quot.sound]
info: PhysicsSM/Draft/NullEdge/CheckerboardCarrierBridge.lean:274:0: 'DiracWalkCarrier.closure_vanishes' depends on axioms: [propext, Classical.choice, Quot.sound]
info: PhysicsSM/Draft/NullEdge/CheckerboardCarrierBridge.lean:275:0: 'DiracWalkCarrier.mass_shell' depends on axioms: [propext, Classical.choice, Quot.sound]
info: PhysicsSM/Draft/NullEdge/CheckerboardCarrierBridge.lean:276:0: 'DiracWalkCarrier.cP_null' depends on axioms: [propext, Classical.choice, Quot.sound]
info: PhysicsSM/Draft/NullEdge/CheckerboardCarrierBridge.lean:277:0: 'DiracWalkCarrier.cM_null' depends on axioms: [propext, Classical.choice, Quot.sound]
info: PhysicsSM/Draft/NullEdge/CheckerboardCarrierBridge.lean:278:0: 'DiracWalkCarrier.null_pairing' depends on axioms: [propext, Classical.choice, Quot.sound]
info: PhysicsSM/Draft/NullEdge/CheckerboardCarrierBridge.lean:279:0: 'DiracWalkCarrier.null_disagreement' depends on axioms: [propext, Classical.choice, Quot.sound]
info: PhysicsSM/Draft/NullEdge/CheckerboardCarrierBridge.lean:280:0: 'DiracWalkCarrier.kdag_Dop' depends on axioms: [propext, Classical.choice, Quot.sound]
info: PhysicsSM/Draft/NullEdge/CheckerboardCarrierBridge.lean:281:0: 'DiracWalkCarrier.Hwalk_sq' depends on axioms: [propext, Classical.choice, Quot.sound]
info: PhysicsSM/Draft/NullEdge/CheckerboardCarrierBridge.lean:282:0: 'DiracWalkCarrier.walk_budget' depends on axioms: [propext, Classical.choice, Quot.sound]
info: PhysicsSM/Draft/NullEdge/CheckerboardCarrierBridge.lean:283:0: 'DiracWalkCarrier.mass_shell_walk' depends on axioms: [propext, Classical.choice, Quot.sound]
ℹ [8319/8361] Replayed PhysicsSM.Draft.NullEdge.Carrier.PluckerOscillatorGroup
info: PhysicsSM/Draft/NullEdge/Carrier/PluckerOscillatorGroup.lean:64:66: Try this:
  [apply] ring_nf

  The `ring` tactic failed to close the goal. Use `ring_nf` to obtain a normal form.

  Note that `ring` works primarily in *commutative* rings. If you have a noncommutative ring, abelian group or module, consider using `noncomm_ring`, `abel` or `module` instead.
info: PhysicsSM/Draft/NullEdge/Carrier/PluckerOscillatorGroup.lean:64:66: Try this:
  [apply] ring_nf

  The `ring` tactic failed to close the goal. Use `ring_nf` to obtain a normal form.

  Note that `ring` works primarily in *commutative* rings. If you have a noncommutative ring, abelian group or module, consider using `noncomm_ring`, `abel` or `module` instead.
info: PhysicsSM/Draft/NullEdge/Carrier/PluckerOscillatorGroup.lean:73:2: Try this:
  [apply] ring_nf

  The `ring` tactic failed to close the goal. Use `ring_nf` to obtain a normal form.

  Note that `ring` works primarily in *commutative* rings. If you have a noncommutative ring, abelian group or module, consider using `noncomm_ring`, `abel` or `module` instead.
info: PhysicsSM/Draft/NullEdge/Carrier/PluckerOscillatorGroup.lean:76:2: Try this:
  [apply] ring_nf

  The `ring` tactic failed to close the goal. Use `ring_nf` to obtain a normal form.

  Note that `ring` works primarily in *commutative* rings. If you have a noncommutative ring, abelian group or module, consider using `noncomm_ring`, `abel` or `module` instead.
ℹ [8321/8361] Replayed PhysicsSM.Draft.NullEdge.Carrier.FiniteGibbsVariance
info: PhysicsSM/Draft/NullEdge/Carrier/FiniteGibbsVariance.lean:91:6: Try this:
  [apply] ring_nf

  The `ring` tactic failed to close the goal. Use `ring_nf` to obtain a normal form.

  Note that `ring` works primarily in *commutative* rings. If you have a noncommutative ring, abelian group or module, consider using `noncomm_ring`, `abel` or `module` instead.
⚠ [8340/8361] Replayed PhysicsSM.Draft.NullEdge.RingHolonomySpectrum
warning: PhysicsSM/Draft/NullEdge/RingHolonomySpectrum.lean:56:5: unused variable `hg0`

Note: This linter can be disabled with `set_option linter.unusedVariables false`
warning: PhysicsSM/Draft/NullEdge/RingHolonomySpectrum.lean:56:28: unused variable `hg1`

Note: This linter can be disabled with `set_option linter.unusedVariables false`
warning: PhysicsSM/Draft/NullEdge/RingHolonomySpectrum.lean:57:5: unused variable `hg2`

Note: This linter can be disabled with `set_option linter.unusedVariables false`
⚠ [8343/8361] Replayed PhysicsSM.Draft.NullEdge.PinnedSectorIndex
warning: PhysicsSM/Draft/NullEdge/PinnedSectorIndex.lean:64:2: Using `native_decide` is not allowed in mathlib: because it trusts the entire Lean compiler (not just the Lean kernel), it could quite possibly be used to prove false.

Note: This linter can be disabled with `set_option linter.style.nativeDecide false`
warning: PhysicsSM/Draft/NullEdge/PinnedSectorIndex.lean:71:2: Using `native_decide` is not allowed in mathlib: because it trusts the entire Lean compiler (not just the Lean kernel), it could quite possibly be used to prove false.

Note: This linter can be disabled with `set_option linter.style.nativeDecide false`
warning: PhysicsSM/Draft/NullEdge/PinnedSectorIndex.lean:82:2: Using `native_decide` is not allowed in mathlib: because it trusts the entire Lean compiler (not just the Lean kernel), it could quite possibly be used to prove false.

Note: This linter can be disabled with `set_option linter.style.nativeDecide false`
⚠ [8344/8361] Replayed PhysicsSM.Draft.NullEdge.PinnedLocalization
info: PhysicsSM/Draft/NullEdge/PinnedLocalization.lean:77:23: Try this:
  [apply] ring_nf

  The `ring` tactic failed to close the goal. Use `ring_nf` to obtain a normal form.

  Note that `ring` works primarily in *commutative* rings. If you have a noncommutative ring, abelian group or module, consider using `noncomm_ring`, `abel` or `module` instead.
info: PhysicsSM/Draft/NullEdge/PinnedLocalization.lean:87:56: Try this:
  [apply] ring_nf

  The `ring` tactic failed to close the goal. Use `ring_nf` to obtain a normal form.

  Note that `ring` works primarily in *commutative* rings. If you have a noncommutative ring, abelian group or module, consider using `noncomm_ring`, `abel` or `module` instead.
info: PhysicsSM/Draft/NullEdge/PinnedLocalization.lean:87:56: Try this:
  [apply] ring_nf

  The `ring` tactic failed to close the goal. Use `ring_nf` to obtain a normal form.

  Note that `ring` works primarily in *commutative* rings. If you have a noncommutative ring, abelian group or module, consider using `noncomm_ring`, `abel` or `module` instead.
info: PhysicsSM/Draft/NullEdge/PinnedLocalization.lean:96:38: Try this:
  [apply] ring_nf

  The `ring` tactic failed to close the goal. Use `ring_nf` to obtain a normal form.

  Note that `ring` works primarily in *commutative* rings. If you have a noncommutative ring, abelian group or module, consider using `noncomm_ring`, `abel` or `module` instead.
info: PhysicsSM/Draft/NullEdge/PinnedLocalization.lean:96:38: Try this:
  [apply] ring_nf

  The `ring` tactic failed to close the goal. Use `ring_nf` to obtain a normal form.

  Note that `ring` works primarily in *commutative* rings. If you have a noncommutative ring, abelian group or module, consider using `noncomm_ring`, `abel` or `module` instead.
info: PhysicsSM/Draft/NullEdge/PinnedLocalization.lean:97:56: Try this:
  [apply] ring_nf

  The `ring` tactic failed to close the goal. Use `ring_nf` to obtain a normal form.

  Note that `ring` works primarily in *commutative* rings. If you have a noncommutative ring, abelian group or module, consider using `noncomm_ring`, `abel` or `module` instead.
info: PhysicsSM/Draft/NullEdge/PinnedLocalization.lean:99:35: Try this:
  [apply] ring_nf

  The `ring` tactic failed to close the goal. Use `ring_nf` to obtain a normal form.

  Note that `ring` works primarily in *commutative* rings. If you have a noncommutative ring, abelian group or module, consider using `noncomm_ring`, `abel` or `module` instead.
warning: PhysicsSM/Draft/NullEdge/PinnedLocalization.lean:128:61: Using `native_decide` is not allowed in mathlib: because it trusts the entire Lean compiler (not just the Lean kernel), it could quite possibly be used to prove false.

Note: This linter can be disabled with `set_option linter.style.nativeDecide false`
warning: PhysicsSM/Draft/NullEdge/PinnedLocalization.lean:131:65: Using `native_decide` is not allowed in mathlib: because it trusts the entire Lean compiler (not just the Lean kernel), it could quite possibly be used to prove false.

Note: This linter can be disabled with `set_option linter.style.nativeDecide false`
warning: PhysicsSM/Draft/NullEdge/PinnedLocalization.lean:134:44: Using `native_decide` is not allowed in mathlib: because it trusts the entire Lean compiler (not just the Lean kernel), it could quite possibly be used to prove false.

Note: This linter can be disabled with `set_option linter.style.nativeDecide false`
warning: PhysicsSM/Draft/NullEdge/PinnedLocalization.lean:135:46: Using `native_decide` is not allowed in mathlib: because it trusts the entire Lean compiler (not just the Lean kernel), it could quite possibly be used to prove false.

Note: This linter can be disabled with `set_option linter.style.nativeDecide false`
warning: PhysicsSM/Draft/NullEdge/PinnedLocalization.lean:139:62: Using `native_decide` is not allowed in mathlib: because it trusts the entire Lean compiler (not just the Lean kernel), it could quite possibly be used to prove false.

Note: This linter can be disabled with `set_option linter.style.nativeDecide false`
warning: PhysicsSM/Draft/NullEdge/PinnedLocalization.lean:142:64: Using `native_decide` is not allowed in mathlib: because it trusts the entire Lean compiler (not just the Lean kernel), it could quite possibly be used to prove false.

Note: This linter can be disabled with `set_option linter.style.nativeDecide false`
warning: PhysicsSM/Draft/NullEdge/PinnedLocalization.lean:147:63: Using `native_decide` is not allowed in mathlib: because it trusts the entire Lean compiler (not just the Lean kernel), it could quite possibly be used to prove false.

Note: This linter can be disabled with `set_option linter.style.nativeDecide false`
warning: PhysicsSM/Draft/NullEdge/PinnedLocalization.lean:152:66: Using `native_decide` is not allowed in mathlib: because it trusts the entire Lean compiler (not just the Lean kernel), it could quite possibly be used to prove false.

Note: This linter can be disabled with `set_option linter.style.nativeDecide false`
warning: PhysicsSM/Draft/NullEdge/PinnedLocalization.lean:158:2: Using `native_decide` is not allowed in mathlib: because it trusts the entire Lean compiler (not just the Lean kernel), it could quite possibly be used to prove false.

Note: This linter can be disabled with `set_option linter.style.nativeDecide false`
warning: PhysicsSM/Draft/NullEdge/PinnedLocalization.lean:163:2: Using `native_decide` is not allowed in mathlib: because it trusts the entire Lean compiler (not just the Lean kernel), it could quite possibly be used to prove false.

Note: This linter can be disabled with `set_option linter.style.nativeDecide false`
⚠ [8345/8361] Replayed PhysicsSM.Draft.NullEdge.PinnedControlAndBlind
warning: PhysicsSM/Draft/NullEdge/PinnedControlAndBlind.lean:57:2: Using `native_decide` is not allowed in mathlib: because it trusts the entire Lean compiler (not just the Lean kernel), it could quite possibly be used to prove false.

Note: This linter can be disabled with `set_option linter.style.nativeDecide false`
warning: PhysicsSM/Draft/NullEdge/PinnedControlAndBlind.lean:77:2: Using `native_decide` is not allowed in mathlib: because it trusts the entire Lean compiler (not just the Lean kernel), it could quite possibly be used to prove false.

Note: This linter can be disabled with `set_option linter.style.nativeDecide false`
warning: PhysicsSM/Draft/NullEdge/PinnedControlAndBlind.lean:135:84: Using `native_decide` is not allowed in mathlib: because it trusts the entire Lean compiler (not just the Lean kernel), it could quite possibly be used to prove false.

Note: This linter can be disabled with `set_option linter.style.nativeDecide false`
warning: PhysicsSM/Draft/NullEdge/PinnedControlAndBlind.lean:136:88: Using `native_decide` is not allowed in mathlib: because it trusts the entire Lean compiler (not just the Lean kernel), it could quite possibly be used to prove false.

Note: This linter can be disabled with `set_option linter.style.nativeDecide false`
warning: PhysicsSM/Draft/NullEdge/PinnedControlAndBlind.lean:137:54: Using `native_decide` is not allowed in mathlib: because it trusts the entire Lean compiler (not just the Lean kernel), it could quite possibly be used to prove false.

Note: This linter can be disabled with `set_option linter.style.nativeDecide false`
warning: PhysicsSM/Draft/NullEdge/PinnedControlAndBlind.lean:138:56: Using `native_decide` is not allowed in mathlib: because it trusts the entire Lean compiler (not just the Lean kernel), it could quite possibly be used to prove false.

Note: This linter can be disabled with `set_option linter.style.nativeDecide false`
warning: PhysicsSM/Draft/NullEdge/PinnedControlAndBlind.lean:145:75: Using `native_decide` is not allowed in mathlib: because it trusts the entire Lean compiler (not just the Lean kernel), it could quite possibly be used to prove false.

Note: This linter can be disabled with `set_option linter.style.nativeDecide false`
⚠ [8346/8361] Replayed PhysicsSM.Draft.NullEdge.PinnedSpecProjectors
warning: PhysicsSM/Draft/NullEdge/PinnedSpecProjectors.lean:43:83: Using `native_decide` is not allowed in mathlib: because it trusts the entire Lean compiler (not just the Lean kernel), it could quite possibly be used to prove false.

Note: This linter can be disabled with `set_option linter.style.nativeDecide false`
warning: PhysicsSM/Draft/NullEdge/PinnedSpecProjectors.lean:46:87: Using `native_decide` is not allowed in mathlib: because it trusts the entire Lean compiler (not just the Lean kernel), it could quite possibly be used to prove false.

Note: This linter can be disabled with `set_option linter.style.nativeDecide false`
⚠ [8348/8361] Replayed PhysicsSM.Draft.NullEdge.ThetaFamilyProtection
warning: PhysicsSM/Draft/NullEdge/ThetaFamilyProtection.lean:77:12: please avoid 'open (scoped) Classical' statements: this can hide theorem statements which would be better stated with explicit decidability statements.
Instead, use `open Classical in` for definitions or instances, the `classical` tactic for proofs.
For theorem statements, either add missing decidability assumptions or use `open Classical in`.

Note: This linter can be disabled with `set_option linter.style.openClassical false`
⚠ [8355/8361] Replayed PhysicsSM.Draft.NullEdge.FiniteZModPlancherel
info: PhysicsSM/Draft/NullEdge/FiniteZModPlancherel.lean:86:4: Try this:
  [apply] ring_nf!

  The `ring!` tactic failed to close the goal. Use `ring_nf!` to obtain a normal form.

  Note that `ring!` works primarily in *commutative* rings. If you have a noncommutative ring, abelian group or module, consider using `noncomm_ring`, `abel` or `module` instead.
info: PhysicsSM/Draft/NullEdge/FiniteZModPlancherel.lean:88:4: Try this:
  [apply] ring_nf!

  The `ring!` tactic failed to close the goal. Use `ring_nf!` to obtain a normal form.

  Note that `ring!` works primarily in *commutative* rings. If you have a noncommutative ring, abelian group or module, consider using `noncomm_ring`, `abel` or `module` instead.
warning: PhysicsSM/Draft/NullEdge/FiniteZModPlancherel.lean:126:5: unused variable `heps`

Note: This linter can be disabled with `set_option linter.unusedVariables false`
info: PhysicsSM/Draft/NullEdge/FiniteZModPlancherel.lean:171:2: Try this:
  [apply] ring_nf

  The `ring` tactic failed to close the goal. Use `ring_nf` to obtain a normal form.

  Note that `ring` works primarily in *commutative* rings. If you have a noncommutative ring, abelian group or module, consider using `noncomm_ring`, `abel` or `module` instead.
Build completed successfully (8361 jobs).
