{
  "checks": {
    "boundary_perturb_ok": true,
    "mean_rel_err": 1.1102230246251565e-16,
    "noise_rel_err": 1.1102230246251565e-16,
    "projected_psd_min_eig": -7.117241135851561e-17,
    "projected_psd_ok": true
  },
  "counts": {
    "E": 4,
    "F": 0,
    "V": 4,
    "configs": 16
  },
  "geometry_family": "cycle",
  "geometry_params": {
    "cycle_size": 4,
    "edge_weights": [
      0.8267648421653399,
      1.17323515783466,
      1.17323515783466,
      0.8267648421653399
    ],
    "edges": [
      [
        0,
        1
      ],
      [
        1,
        2
      ],
      [
        2,
        3
      ],
      [
        3,
        0
      ]
    ],
    "expansion_rate": 0.35,
    "faces": [],
    "metric_profile": "expanded",
    "seed": 0,
    "tol": 1e-09,
    "vertex_times": [
      0.0,
      0.5,
      1.0,
      0.5
    ]
  },
  "metrics": {
    "betti1": 1,
    "harm_dim": 1,
    "laplacian_eigs": [
      8.000199625477099e-17,
      1.8864096986413734,
      1.9999999999999998,
      4.113590301358625
    ],
    "mean_norm": 0.0,
    "metric_weight_spread": 1.4190675485932571,
    "noise_eigs": [
      1.0,
      1.0,
      1.0,
      1.0
    ],
    "projected_noise_cond2": 1.0,
    "projected_noise_eigs": [
      -7.117241135851561e-17,
      3.490054606299732e-17,
      6.62794958449126e-17,
      1.0300104199099995
    ],
    "projected_noise_trace": 1.0300104199099995
  },
  "results": {
    "demote_if": [
      "boundary perturbation regression fails",
      "harmonic trace scales like volume in size sweep",
      "projected kernel loses positive-semidefiniteness",
      "condition number grows rapidly under refinement"
    ],
    "positive_signal": true
  },
  "run_id": "cycle-seed0",
  "witnesses": {
    "closureDefectSq": 2.25,
    "momentMassSq": 4.0,
    "pluckerSq": 1.0,
    "unitVisiblePairing": 4.0
  }
}
