{
  "checks": {
    "boundary_perturb_ok": true,
    "mean_rel_err": 5.551115123125783e-17,
    "noise_rel_err": 0.0,
    "projected_psd_min_eig": -1.843183709809305e-16,
    "projected_psd_ok": true
  },
  "counts": {
    "E": 11,
    "F": 0,
    "V": 11,
    "configs": 2048
  },
  "geometry_family": "cycle",
  "geometry_params": {
    "cycle_size": 11,
    "edge_weights": [
      0.7391605122388577,
      0.8394843435259326,
      0.9534247992910008,
      1.082830019301014,
      1.229798985270114,
      1.3106026807461613,
      1.229798985270114,
      1.082830019301014,
      0.9534247992910008,
      0.8394843435259326,
      0.7391605122388577
    ],
    "edges": [
      [
        0,
        1
      ],
      [
        1,
        2
      ],
      [
        2,
        3
      ],
      [
        3,
        4
      ],
      [
        4,
        5
      ],
      [
        5,
        6
      ],
      [
        6,
        7
      ],
      [
        7,
        8
      ],
      [
        8,
        9
      ],
      [
        9,
        10
      ],
      [
        10,
        0
      ]
    ],
    "expansion_rate": 0.35,
    "faces": [],
    "metric_profile": "expanded",
    "seed": 0,
    "tol": 1e-09,
    "vertex_times": [
      0.0,
      0.18181818181818182,
      0.36363636363636365,
      0.5454545454545454,
      0.7272727272727273,
      0.9090909090909091,
      0.9090909090909091,
      0.7272727272727273,
      0.5454545454545454,
      0.36363636363636365,
      0.18181818181818182
    ]
  },
  "metrics": {
    "betti1": 1,
    "harm_dim": 1,
    "laplacian_eigs": [
      1.420163249178754e-16,
      0.3080889537456512,
      0.3106128359580101,
      1.1318644038181196,
      1.1338692145224092,
      2.1766654338114786,
      2.205207066287006,
      2.977778881026969,
      3.2514194717247746,
      3.834160159090478,
      4.670333580015105
    ],
    "mean_norm": 0.0,
    "metric_weight_spread": 1.773096180119865,
    "noise_eigs": [
      1.0,
      1.0,
      1.0,
      1.0,
      1.0,
      1.0,
      1.0,
      1.0,
      1.0,
      1.0,
      1.0
    ],
    "projected_noise_cond2": 1.0,
    "projected_noise_eigs": [
      -1.843183709809305e-16,
      -6.088577644223775e-17,
      -3.7871310252028774e-17,
      -1.5467490389803818e-17,
      -2.212998479855029e-18,
      6.5841946686996976e-18,
      1.4705076387944022e-17,
      2.5789106978631748e-17,
      4.051983794485509e-17,
      6.80156533652367e-17,
      1.0378098661407857
    ],
    "projected_noise_trace": 1.0378098661407862
  },
  "results": {
    "demote_if": [
      "boundary perturbation regression fails",
      "harmonic trace scales like volume in size sweep",
      "projected kernel loses positive-semidefiniteness",
      "condition number grows rapidly under refinement"
    ],
    "positive_signal": true
  },
  "run_id": "cycle-seed0",
  "witnesses": {
    "closureDefectSq": 2.25,
    "momentMassSq": 30.25,
    "pluckerSq": 1.0,
    "unitVisiblePairing": 30.25
  }
}
