{
  "checks": {
    "boundary_perturb_ok": true,
    "mean_rel_err": 5.551115123125783e-17,
    "noise_rel_err": 1.1102230246251565e-16,
    "projected_psd_min_eig": -1.3327591681466096e-16,
    "projected_psd_ok": true
  },
  "counts": {
    "E": 12,
    "F": 0,
    "V": 12,
    "configs": 4096
  },
  "geometry_family": "cycle",
  "geometry_params": {
    "cycle_size": 12,
    "edge_weights": [
      0.7323962821281134,
      0.8230265030768567,
      0.9248717412910497,
      1.0393197966783576,
      1.1679302021485558,
      1.3124554746770671,
      1.3124554746770671,
      1.1679302021485558,
      1.0393197966783576,
      0.9248717412910497,
      0.8230265030768567,
      0.7323962821281134
    ],
    "edges": [
      [
        0,
        1
      ],
      [
        1,
        2
      ],
      [
        2,
        3
      ],
      [
        3,
        4
      ],
      [
        4,
        5
      ],
      [
        5,
        6
      ],
      [
        6,
        7
      ],
      [
        7,
        8
      ],
      [
        8,
        9
      ],
      [
        9,
        10
      ],
      [
        10,
        11
      ],
      [
        11,
        0
      ]
    ],
    "expansion_rate": 0.35,
    "faces": [],
    "metric_profile": "expanded",
    "seed": 0,
    "tol": 1e-09,
    "vertex_times": [
      0.0,
      0.16666666666666666,
      0.3333333333333333,
      0.5,
      0.6666666666666666,
      0.8333333333333334,
      1.0,
      0.8333333333333334,
      0.6666666666666666,
      0.5,
      0.3333333333333333,
      0.16666666666666666
    ]
  },
  "metrics": {
    "betti1": 1,
    "harm_dim": 1,
    "laplacian_eigs": [
      1.611976358064927e-16,
      0.2590785495883986,
      0.262404043900318,
      0.966005912354794,
      0.9705070291731367,
      1.9137176334584418,
      1.929744910986371,
      2.754000006684672,
      2.8926661703410805,
      3.4024935851483877,
      3.899826088793915,
      4.7495560695704855
    ],
    "mean_norm": 0.0,
    "metric_weight_spread": 1.7920018256557557,
    "noise_eigs": [
      1.0,
      1.0,
      1.0,
      1.0,
      1.0,
      1.0,
      1.0,
      1.0,
      1.0,
      1.0,
      1.0,
      1.0
    ],
    "projected_noise_cond2": 1.0,
    "projected_noise_eigs": [
      -1.3327591681466096e-16,
      -2.05364459193723e-17,
      -1.3629680690658161e-17,
      -9.32216644623001e-18,
      -3.557053453876571e-18,
      2.557038177896589e-18,
      5.860578627295547e-18,
      1.3681165363089212e-17,
      2.0890369302294752e-17,
      4.351064015305295e-17,
      1.3964496730452688e-16,
      1.0393251077581425
    ],
    "projected_noise_trace": 1.0393251077581427
  },
  "results": {
    "demote_if": [
      "boundary perturbation regression fails",
      "harmonic trace scales like volume in size sweep",
      "projected kernel loses positive-semidefiniteness",
      "condition number grows rapidly under refinement"
    ],
    "positive_signal": true
  },
  "run_id": "cycle-seed0",
  "witnesses": {
    "closureDefectSq": 2.25,
    "momentMassSq": 36.0,
    "pluckerSq": 1.0,
    "unitVisiblePairing": 36.0
  }
}
