{
  "checks": {
    "boundary_perturb_ok": true,
    "mean_rel_err": 1.6653345369377348e-16,
    "noise_rel_err": 0.0,
    "projected_psd_min_eig": -7.066321732876928e-17,
    "projected_psd_ok": true
  },
  "counts": {
    "E": 5,
    "F": 0,
    "V": 5,
    "configs": 32
  },
  "geometry_family": "cycle",
  "geometry_params": {
    "cycle_size": 5,
    "edge_weights": [
      0.8106064704641607,
      1.0725375871447573,
      1.2337118847821642,
      1.0725375871447573,
      0.8106064704641607
    ],
    "edges": [
      [
        0,
        1
      ],
      [
        1,
        2
      ],
      [
        2,
        3
      ],
      [
        3,
        4
      ],
      [
        4,
        0
      ]
    ],
    "expansion_rate": 0.35,
    "faces": [],
    "metric_profile": "expanded",
    "seed": 0,
    "tol": 1e-09,
    "vertex_times": [
      0.0,
      0.4,
      0.8,
      0.8,
      0.4
    ]
  },
  "metrics": {
    "betti1": 1,
    "harm_dim": 1,
    "laplacian_eigs": [
      -7.810636286756633e-16,
      1.3450695994787376,
      1.3563413706923642,
      3.2318249862032604,
      4.066764043625641
    ],
    "mean_norm": 0.0,
    "metric_weight_spread": 1.5219615556186339,
    "noise_eigs": [
      1.0,
      1.0,
      1.0,
      1.0,
      1.0
    ],
    "projected_noise_cond2": 1.0,
    "projected_noise_eigs": [
      -7.066321732876928e-17,
      -2.1056401704742645e-17,
      -1.2725031527246281e-17,
      1.5221039593276002e-17,
      1.028387423102958
    ],
    "projected_noise_trace": 1.028387423102958
  },
  "results": {
    "demote_if": [
      "boundary perturbation regression fails",
      "harmonic trace scales like volume in size sweep",
      "projected kernel loses positive-semidefiniteness",
      "condition number grows rapidly under refinement"
    ],
    "positive_signal": true
  },
  "run_id": "cycle-seed0",
  "witnesses": {
    "closureDefectSq": 2.25,
    "momentMassSq": 6.25,
    "pluckerSq": 1.0,
    "unitVisiblePairing": 6.25
  }
}
