{
  "checks": {
    "boundary_perturb_ok": true,
    "mean_rel_err": 0.0,
    "noise_rel_err": 0.0,
    "projected_psd_min_eig": -2.4522428029169817e-16,
    "projected_psd_ok": true
  },
  "counts": {
    "E": 8,
    "F": 0,
    "V": 8,
    "configs": 256
  },
  "geometry_family": "cycle",
  "geometry_params": {
    "cycle_size": 8,
    "edge_weights": [
      1.0,
      1.0,
      1.0,
      1.0,
      1.0,
      1.0,
      1.0,
      1.0
    ],
    "edges": [
      [
        0,
        1
      ],
      [
        1,
        2
      ],
      [
        2,
        3
      ],
      [
        3,
        4
      ],
      [
        4,
        5
      ],
      [
        5,
        6
      ],
      [
        6,
        7
      ],
      [
        7,
        0
      ]
    ],
    "expansion_rate": 0.35,
    "faces": [],
    "metric_profile": "flat",
    "seed": 0,
    "tol": 1e-09,
    "vertex_times": [
      0.0,
      0.25,
      0.5,
      0.75,
      1.0,
      0.75,
      0.5,
      0.25
    ]
  },
  "metrics": {
    "betti1": 1,
    "harm_dim": 1,
    "laplacian_eigs": [
      -1.0160837529279597e-16,
      0.5857864376269046,
      0.5857864376269053,
      2.0,
      2.0000000000000004,
      3.414213562373095,
      3.414213562373096,
      3.9999999999999987
    ],
    "mean_norm": 0.0,
    "metric_weight_spread": 1.0,
    "noise_eigs": [
      1.0,
      1.0,
      1.0,
      1.0,
      1.0,
      1.0,
      1.0,
      1.0
    ],
    "projected_noise_cond2": 1.0,
    "projected_noise_eigs": [
      -2.4522428029169817e-16,
      -6.212659505659704e-18,
      -9.244463733058753e-33,
      5.44826758274203e-18,
      2.5219655360081406e-17,
      3.394697498309271e-17,
      6.886084550501863e-17,
      0.9999999999999998
    ],
    "projected_noise_trace": 1.0
  },
  "results": {
    "demote_if": [
      "boundary perturbation regression fails",
      "harmonic trace scales like volume in size sweep",
      "projected kernel loses positive-semidefiniteness",
      "condition number grows rapidly under refinement"
    ],
    "positive_signal": true
  },
  "run_id": "cycle-seed0",
  "witnesses": {
    "closureDefectSq": 2.25,
    "momentMassSq": 16.0,
    "pluckerSq": 1.0,
    "unitVisiblePairing": 16.0
  }
}
