{
  "checks": {
    "boundary_perturb_ok": true,
    "mean_rel_err": 5.551115123125783e-17,
    "noise_rel_err": 0.0,
    "projected_psd_min_eig": -1.8295705670008208e-16,
    "projected_psd_ok": true
  },
  "counts": {
    "E": 9,
    "F": 0,
    "V": 9,
    "configs": 512
  },
  "geometry_family": "cycle",
  "geometry_params": {
    "cycle_size": 9,
    "edge_weights": [
      1.0,
      1.0,
      1.0,
      1.0,
      1.0,
      1.0,
      1.0,
      1.0,
      1.0
    ],
    "edges": [
      [
        0,
        1
      ],
      [
        1,
        2
      ],
      [
        2,
        3
      ],
      [
        3,
        4
      ],
      [
        4,
        5
      ],
      [
        5,
        6
      ],
      [
        6,
        7
      ],
      [
        7,
        8
      ],
      [
        8,
        0
      ]
    ],
    "expansion_rate": 0.35,
    "faces": [],
    "metric_profile": "flat",
    "seed": 0,
    "tol": 1e-09,
    "vertex_times": [
      0.0,
      0.2222222222222222,
      0.4444444444444444,
      0.6666666666666666,
      0.8888888888888888,
      0.8888888888888888,
      0.6666666666666666,
      0.4444444444444444,
      0.2222222222222222
    ]
  },
  "metrics": {
    "betti1": 1,
    "harm_dim": 1,
    "laplacian_eigs": [
      2.220446049250313e-16,
      0.4679111137620435,
      0.4679111137620451,
      1.652703644666139,
      1.6527036446661396,
      2.999999999999998,
      3.0,
      3.8793852415718164,
      3.879385241571817
    ],
    "mean_norm": 0.0,
    "metric_weight_spread": 1.0,
    "noise_eigs": [
      1.0,
      1.0,
      1.0,
      1.0,
      1.0,
      1.0,
      1.0,
      1.0,
      1.0
    ],
    "projected_noise_cond2": 1.0,
    "projected_noise_eigs": [
      -1.8295705670008208e-16,
      -4.532409222347068e-17,
      -1.0363290783957607e-17,
      -2.667857149432957e-33,
      -1.4980700372750946e-34,
      5.128780086425154e-33,
      1.4309841744349922e-17,
      3.0045568653758014e-17,
      1.0
    ],
    "projected_noise_trace": 1.0000000000000002
  },
  "results": {
    "demote_if": [
      "boundary perturbation regression fails",
      "harmonic trace scales like volume in size sweep",
      "projected kernel loses positive-semidefiniteness",
      "condition number grows rapidly under refinement"
    ],
    "positive_signal": true
  },
  "run_id": "cycle-seed0",
  "witnesses": {
    "closureDefectSq": 2.25,
    "momentMassSq": 20.25,
    "pluckerSq": 1.0,
    "unitVisiblePairing": 20.25
  }
}
