{
  "checks": {
    "boundary_perturb_ok": true,
    "mean_rel_err": 1.1102230246251565e-16,
    "noise_rel_err": 1.1102230246251565e-16,
    "projected_psd_min_eig": -6.415788159641629e-17,
    "projected_psd_ok": true
  },
  "counts": {
    "E": 4,
    "F": 0,
    "V": 4,
    "configs": 16
  },
  "geometry_family": "cycle4",
  "geometry_params": {
    "edge_weights": [
      0.6636244556636678,
      1.336375544336332,
      1.336375544336332,
      0.6636244556636678
    ],
    "edges": [
      [
        0,
        1
      ],
      [
        1,
        2
      ],
      [
        2,
        3
      ],
      [
        3,
        0
      ]
    ],
    "expansion_rate": 0.35,
    "faces": [],
    "metric_profile": "expanded",
    "seed": 0,
    "tol": 1e-09,
    "vertex_times": [
      0.0,
      1.0,
      2.0,
      1.0
    ]
  },
  "metrics": {
    "betti1": 1,
    "harm_dim": 1,
    "laplacian_eigs": [
      -4.0980974615100515e-18,
      1.6197145024957669,
      1.9999999999999998,
      4.380285497504234
    ],
    "mean_norm": 0.0,
    "metric_weight_spread": 2.013752707470476,
    "noise_eigs": [
      1.0,
      1.0,
      1.0,
      1.0
    ],
    "projected_noise_cond2": 1.0,
    "projected_noise_eigs": [
      -6.415788159641629e-17,
      1.3013519189222888e-17,
      3.287001185634825e-16,
      1.1131485068275637
    ],
    "projected_noise_trace": 1.1131485068275637
  },
  "results": {
    "demote_if": [
      "boundary perturbation regression fails",
      "harmonic trace scales like volume in size sweep",
      "projected kernel loses positive-semidefiniteness",
      "condition number grows rapidly under refinement"
    ],
    "positive_signal": true
  },
  "run_id": "cycle4-seed0",
  "witnesses": {
    "closureDefectSq": 2.25,
    "momentMassSq": 4.0,
    "pluckerSq": 1.0,
    "unitVisiblePairing": 4.0
  }
}
