{
  "checks": {
    "boundary_perturb_ok": true,
    "mean_rel_err": 5.551115123125783e-17,
    "noise_rel_err": 1.1102230246251565e-16,
    "projected_psd_min_eig": -6.152670794307398e-17,
    "projected_psd_ok": true
  },
  "counts": {
    "E": 12,
    "F": 0,
    "V": 12,
    "configs": 4096
  },
  "geometry_family": "cycle",
  "geometry_params": {
    "cycle_size": 12,
    "edge_weights": [
      1.0,
      1.0,
      1.0,
      1.0,
      1.0,
      1.0,
      1.0,
      1.0,
      1.0,
      1.0,
      1.0,
      1.0
    ],
    "edges": [
      [
        0,
        1
      ],
      [
        1,
        2
      ],
      [
        2,
        3
      ],
      [
        3,
        4
      ],
      [
        4,
        5
      ],
      [
        5,
        6
      ],
      [
        6,
        7
      ],
      [
        7,
        8
      ],
      [
        8,
        9
      ],
      [
        9,
        10
      ],
      [
        10,
        11
      ],
      [
        11,
        0
      ]
    ],
    "expansion_rate": 0.35,
    "faces": [],
    "metric_profile": "flat",
    "seed": 0,
    "tol": 1e-09,
    "vertex_times": [
      0.0,
      0.16666666666666666,
      0.3333333333333333,
      0.5,
      0.6666666666666666,
      0.8333333333333334,
      1.0,
      0.8333333333333334,
      0.6666666666666666,
      0.5,
      0.3333333333333333,
      0.16666666666666666
    ]
  },
  "metrics": {
    "betti1": 1,
    "harm_dim": 1,
    "laplacian_eigs": [
      -2.7755575615628914e-16,
      0.2679491924311224,
      0.2679491924311227,
      0.9999999999999989,
      1.0,
      2.0000000000000004,
      2.000000000000001,
      3.0,
      3.000000000000001,
      3.732050807568877,
      3.732050807568877,
      4.0
    ],
    "mean_norm": 0.0,
    "metric_weight_spread": 1.0,
    "noise_eigs": [
      1.0,
      1.0,
      1.0,
      1.0,
      1.0,
      1.0,
      1.0,
      1.0,
      1.0,
      1.0,
      1.0,
      1.0
    ],
    "projected_noise_cond2": 1.0,
    "projected_noise_eigs": [
      -6.152670794307398e-17,
      -3.1820624220380086e-17,
      -1.1805934000344812e-17,
      -8.121679355898694e-33,
      3.0073472960523495e-34,
      5.317235698589956e-33,
      1.0691945811606037e-17,
      1.7011284935570634e-17,
      2.2517209186343308e-17,
      7.248416362153886e-17,
      1.7673769191814232e-16,
      1.0000000000000007
    ],
    "projected_noise_trace": 1.0000000000000004
  },
  "results": {
    "demote_if": [
      "boundary perturbation regression fails",
      "harmonic trace scales like volume in size sweep",
      "projected kernel loses positive-semidefiniteness",
      "condition number grows rapidly under refinement"
    ],
    "positive_signal": true
  },
  "run_id": "cycle-seed0",
  "witnesses": {
    "closureDefectSq": 2.25,
    "momentMassSq": 36.0,
    "pluckerSq": 1.0,
    "unitVisiblePairing": 36.0
  }
}
