{
  "checks": {
    "boundary_perturb_ok": true,
    "coarse_projection_ok": true,
    "mean_rel_err": 5.551115123125783e-17,
    "noise_rel_err": 1.1102230246251565e-16,
    "projected_psd_min_eig": -2.880971390884749e-16,
    "projected_psd_ok": true
  },
  "counts": {
    "E": 8,
    "F": 0,
    "V": 6,
    "configs": 256
  },
  "geometry_family": "de_sitter_diamond",
  "geometry_params": {
    "coarse_block_sizes": [
      1,
      2,
      4
    ],
    "cycle_size": 2,
    "edge_weights": [
      0.6612892096965466,
      1.3270083757909898,
      0.8872992921969945,
      0.9889969797166192,
      0.8597926691011886,
      1.2158301167384846,
      0.9061376968220868,
      1.1536456599370903
    ],
    "edges": [
      [
        0,
        2
      ],
      [
        1,
        3
      ],
      [
        0,
        3
      ],
      [
        1,
        2
      ],
      [
        2,
        4
      ],
      [
        3,
        5
      ],
      [
        2,
        5
      ],
      [
        3,
        4
      ]
    ],
    "expansion_rate": 0.35,
    "faces": [],
    "metric_profile": "expanded",
    "seed": 0,
    "tol": 1e-09,
    "vertex_times": [
      0.0,
      1.15,
      0.2325191391542907,
      1.072493620281903,
      0.75,
      0.9
    ]
  },
  "metrics": {
    "betti1": 3,
    "coarse_projection": [
      {
        "block_size": 1,
        "coarse_edges": 8,
        "cond2": 1.019918028847769,
        "max_eig": 1.041642481125574,
        "min_eig": -2.880971390884749e-16,
        "psd_ok": true,
        "tail_dropped": 0,
        "trace": 3.0842428699084805,
        "trace_density": 0.38553035873856006
      },
      {
        "block_size": 2,
        "coarse_edges": 4,
        "cond2": 46.9129640619394,
        "max_eig": 1.0003998593981627,
        "min_eig": 0.0,
        "psd_ok": true,
        "tail_dropped": 0,
        "trace": 2.0217244522778053,
        "trace_density": 0.5054311130694513
      },
      {
        "block_size": 4,
        "coarse_edges": 2,
        "cond2": 53.39503217101345,
        "max_eig": 0.021325069256769216,
        "min_eig": 0.0003993830210359149,
        "psd_ok": true,
        "tail_dropped": 0,
        "trace": 0.02172445227780513,
        "trace_density": 0.010862226138902566
      }
    ],
    "harm_dim": 3,
    "laplacian_eigs": [
      -6.936286169881017e-16,
      -5.265405651862932e-16,
      -2.3415354654542246e-16,
      1.6484974340658167,
      2.0606148789845693,
      2.234050768964332,
      3.775037097494903,
      6.281799820490374
    ],
    "mean_norm": 0.0,
    "metric_weight_spread": 2.006698969729038,
    "noise_eigs": [
      1.0,
      1.0,
      1.0,
      1.0,
      1.0,
      1.0,
      1.0,
      1.0
    ],
    "projected_noise_cond2": 1.019918028847769,
    "projected_noise_eigs": [
      -2.880971390884749e-16,
      -1.2864402160308277e-16,
      -8.027746903950819e-17,
      -1.8660324455529596e-18,
      2.5433245435053475e-16,
      1.021300194391453,
      1.0213001943914541,
      1.041642481125574
    ],
    "projected_noise_trace": 3.0842428699084805
  },
  "results": {
    "demote_if": [
      "boundary perturbation regression fails",
      "harmonic trace scales like volume in size sweep",
      "projected kernel loses positive-semidefiniteness",
      "condition number grows rapidly under refinement",
      "geometry movement does not persist under coarse projection"
    ],
    "positive_signal": true
  },
  "run_id": "de_sitter_diamond-seed0",
  "witnesses": {
    "closureDefectSq": 2.25,
    "momentMassSq": 16.0,
    "pluckerSq": 1.0,
    "unitVisiblePairing": 16.0
  }
}
