{
  "checks": {
    "boundary_perturb_ok": true,
    "coarse_projection_ok": true,
    "mean_rel_err": 5.551115123125783e-17,
    "noise_rel_err": 1.1102230246251565e-16,
    "projected_psd_min_eig": -5.055726363883371e-17,
    "projected_psd_ok": true
  },
  "counts": {
    "E": 8,
    "F": 0,
    "V": 6,
    "configs": 256
  },
  "geometry_family": "flat_diamond",
  "geometry_params": {
    "coarse_block_sizes": [
      1,
      2,
      4
    ],
    "cycle_size": 2,
    "edge_weights": [
      1.0,
      1.0,
      1.0,
      1.0,
      1.0,
      1.0,
      1.0,
      1.0
    ],
    "edges": [
      [
        0,
        2
      ],
      [
        1,
        3
      ],
      [
        0,
        3
      ],
      [
        1,
        2
      ],
      [
        2,
        4
      ],
      [
        3,
        5
      ],
      [
        2,
        5
      ],
      [
        3,
        4
      ]
    ],
    "expansion_rate": 0.35,
    "faces": [],
    "metric_profile": "flat",
    "seed": 0,
    "tol": 1e-09,
    "vertex_times": [
      0.0,
      0.5,
      0.5,
      1.0,
      1.0,
      1.5
    ]
  },
  "metrics": {
    "betti1": 3,
    "coarse_projection": [
      {
        "block_size": 1,
        "coarse_edges": 8,
        "cond2": 1.000000000000001,
        "max_eig": 1.0000000000000004,
        "min_eig": -5.055726363883371e-17,
        "psd_ok": true,
        "tail_dropped": 0,
        "trace": 3.0,
        "trace_density": 0.375
      },
      {
        "block_size": 2,
        "coarse_edges": 4,
        "cond2": 1.000000000000001,
        "max_eig": 1.0000000000000002,
        "min_eig": -4.163685114643275e-17,
        "psd_ok": true,
        "tail_dropped": 0,
        "trace": 1.9999999999999998,
        "trace_density": 0.49999999999999994
      },
      {
        "block_size": 4,
        "coarse_edges": 2,
        "cond2": null,
        "max_eig": 4.5306194158517017e-17,
        "min_eig": -1.408117159093449e-17,
        "psd_ok": true,
        "tail_dropped": 0,
        "trace": 3.122502256758253e-17,
        "trace_density": 1.5612511283791264e-17
      }
    ],
    "harm_dim": 3,
    "laplacian_eigs": [
      -4.476698289331927e-16,
      1.063041609606503e-16,
      8.379521764018714e-16,
      1.9999999999999991,
      1.9999999999999996,
      2.0000000000000013,
      4.000000000000002,
      6.0
    ],
    "mean_norm": 0.0,
    "metric_weight_spread": 1.0,
    "noise_eigs": [
      1.0,
      1.0,
      1.0,
      1.0,
      1.0,
      1.0,
      1.0,
      1.0
    ],
    "projected_noise_cond2": 1.000000000000001,
    "projected_noise_eigs": [
      -5.055726363883371e-17,
      -3.206326140563275e-17,
      4.838482903454589e-18,
      2.0689229341117247e-17,
      7.173782993246486e-17,
      0.9999999999999993,
      0.9999999999999999,
      1.0000000000000004
    ],
    "projected_noise_trace": 3.0
  },
  "results": {
    "demote_if": [
      "boundary perturbation regression fails",
      "harmonic trace scales like volume in size sweep",
      "projected kernel loses positive-semidefiniteness",
      "condition number grows rapidly under refinement",
      "geometry movement does not persist under coarse projection"
    ],
    "positive_signal": true
  },
  "run_id": "flat_diamond-seed0",
  "witnesses": {
    "closureDefectSq": 2.25,
    "momentMassSq": 16.0,
    "pluckerSq": 1.0,
    "unitVisiblePairing": 16.0
  }
}
