{
  "checks": {
    "boundary_perturb_ok": true,
    "coarse_projection_ok": true,
    "mean_rel_err": 5.551115123125783e-17,
    "noise_rel_err": 1.1102230246251565e-16,
    "projected_psd_min_eig": -1.557364915440728e-16,
    "projected_psd_ok": true
  },
  "counts": {
    "E": 12,
    "F": 0,
    "V": 8,
    "configs": 4096
  },
  "geometry_family": "flat_diamond",
  "geometry_params": {
    "coarse_block_sizes": [
      1,
      2,
      4
    ],
    "cycle_size": 3,
    "edge_weights": [
      1.0,
      1.0,
      1.0,
      1.0,
      1.0,
      1.0,
      1.0,
      1.0,
      1.0,
      1.0,
      1.0,
      1.0
    ],
    "edges": [
      [
        0,
        2
      ],
      [
        1,
        3
      ],
      [
        0,
        3
      ],
      [
        1,
        2
      ],
      [
        2,
        4
      ],
      [
        3,
        5
      ],
      [
        2,
        5
      ],
      [
        3,
        4
      ],
      [
        4,
        6
      ],
      [
        5,
        7
      ],
      [
        4,
        7
      ],
      [
        5,
        6
      ]
    ],
    "expansion_rate": 0.35,
    "faces": [],
    "metric_profile": "flat",
    "seed": 0,
    "tol": 1e-09,
    "vertex_times": [
      0.0,
      0.5,
      0.3333333333333333,
      0.8333333333333333,
      0.6666666666666666,
      1.1666666666666665,
      1.0,
      1.5
    ]
  },
  "metrics": {
    "betti1": 5,
    "coarse_projection": [
      {
        "block_size": 1,
        "coarse_edges": 12,
        "cond2": 1.0000000000000009,
        "max_eig": 1.0000000000000007,
        "min_eig": -1.557364915440728e-16,
        "psd_ok": true,
        "tail_dropped": 0,
        "trace": 5.0,
        "trace_density": 0.4166666666666667
      },
      {
        "block_size": 2,
        "coarse_edges": 6,
        "cond2": 1.0000000000000004,
        "max_eig": 1.0000000000000002,
        "min_eig": -1.0755361442055364e-16,
        "psd_ok": true,
        "tail_dropped": 0,
        "trace": 3.0,
        "trace_density": 0.5
      },
      {
        "block_size": 4,
        "coarse_edges": 3,
        "cond2": null,
        "max_eig": 5.982496354364715e-17,
        "min_eig": -3.472796800103621e-18,
        "psd_ok": true,
        "tail_dropped": 0,
        "trace": 8.673617379884035e-17,
        "trace_density": 2.891205793294679e-17
      }
    ],
    "harm_dim": 5,
    "laplacian_eigs": [
      -8.27661386557833e-16,
      -2.6638931152116147e-16,
      3.164186765420552e-16,
      4.329599639513932e-16,
      9.098234990865044e-16,
      1.1715728752538104,
      1.9999999999999991,
      1.9999999999999996,
      4.0,
      4.000000000000001,
      4.0000000000000036,
      6.82842712474619
    ],
    "mean_norm": 0.0,
    "metric_weight_spread": 1.0,
    "noise_eigs": [
      1.0,
      1.0,
      1.0,
      1.0,
      1.0,
      1.0,
      1.0,
      1.0,
      1.0,
      1.0,
      1.0,
      1.0
    ],
    "projected_noise_cond2": 1.0000000000000009,
    "projected_noise_eigs": [
      -1.557364915440728e-16,
      -1.4853050858922233e-16,
      -5.888098462466882e-17,
      3.7430563538309104e-17,
      5.2464936632161445e-17,
      3.4638990659236683e-16,
      4.585073455197356e-16,
      0.9999999999999999,
      1.0,
      1.0,
      1.0000000000000004,
      1.0000000000000007
    ],
    "projected_noise_trace": 5.0
  },
  "results": {
    "demote_if": [
      "boundary perturbation regression fails",
      "harmonic trace scales like volume in size sweep",
      "projected kernel loses positive-semidefiniteness",
      "condition number grows rapidly under refinement",
      "geometry movement does not persist under coarse projection"
    ],
    "positive_signal": true
  },
  "run_id": "flat_diamond-seed0",
  "witnesses": {
    "closureDefectSq": 2.25,
    "momentMassSq": 36.0,
    "pluckerSq": 1.0,
    "unitVisiblePairing": 36.0
  }
}
